ADDRESS, HALO, VET, DBET, VTHO, HXRO, HST, EVED, ZRX, PEG, OMG, USDC, BAT, BTC, FLASH, HETH, FCT, uDOO
0x79Ae79a49f5E2502b65Ab2d7Dbed0C0847744497, 500000000000000000000, 0, 0, 0, 0, 0, 0, 0, 0, 0, 0, 0, 0, 0, 0, 0, 0
0x3C773Cd2E8b581c7832E1484A77424F3E4D26B08, 142477401753091071057, 0, 0, 0, 0, 0, 0, 0, 0, 0, 0, 0, 0, 0, 0, 0, 0
0x7B6B2e318B3b46CBfe3D487c48b1D0E9753D3634, 2500000000000000000000, 0, 0, 0, 0, 0, 0, 0, 0, 0, 0, 0, 0, 0, 0, 0, 0
0x10729974b1035E53098F4967468ebc8C235B10E4, 500000000000000000000, 0, 0, 0, 0, 0, 0, 0, 0, 0, 0, 0, 0, 0, 0, 0, 0
0x02f21086276ea48B3e533023ADe38F3c579a3BC2, 0, 0, 0, 0, 0, 0, 0, 0, 0, 0, 0, 0, 0, 0, 0, 0, 0
0x464B01a01C8C466dDE6a5a07b7B76041b60823c2, 1000000000000000000000, 0, 0, 0, 0, 0, 0, 0, 0, 0, 0, 0, 0, 0, 0, 0, 0
0x3CDb02BC0044c9899347C206935d7765207A21F8, 500000000000000000000, 0, 0, 0, 0, 0, 0, 0, 0, 0, 0, 0, 0, 0, 0, 0, 0
0x9749194a9F42f929c2733891d56727cF25171bb7, 12439725419783460488, 0, 0, 0, 0, 0, 0, 0, 0, 0, 0, 0, 0, 0, 0, 0, 0
0x9a14fAeA254457b61Fd943813689C49536Bb0E64, 1000000000000000000000, 0, 0, 0, 0, 0, 0, 0, 0, 0, 0, 0, 0, 0, 0, 0, 0
0x02c6d1a4B87f39429300C11aa2a5232577a5Fd69, 7500000000000000000000, 0, 0, 0, 0, 0, 0, 0, 0, 0, 0, 0, 0, 0, 0, 0, 0
0x9E7B06Bc138ce5539a0fA14e9C5AA40fA1EB5DEd, 506916622803717810067, 0, 0, 0, 0, 0, 0, 0, 0, 0, 0, 0, 0, 0, 0, 0, 0
0x0fdD5056dB50c8C72fF1ac0fa3249894E818a51d, 500000000000000000000, 0, 0, 0, 0, 0, 0, 0, 0, 0, 0, 0, 0, 0, 0, 0, 0
0xb30D4caA7Cb0D24D254e195ac4eeBba1bbce6Dcd, 500000000000000000000, 0, 0, 0, 0, 0, 0, 0, 0, 0, 0, 0, 0, 0, 0, 0, 0
0x19e2Dfb20FF2E6DD27Ff9255c5Efc525AE73510a, 2500000000000000000000, 0, 0, 0, 0, 0, 0, 0, 0, 0, 0, 0, 0, 0, 0, 0, 0
0x3CE56f844D4222C2E890eCA68d18E7BB6CA4fE9d, 3226000000000000000, 0, 0, 0, 0, 0, 0, 0, 0, 0, 0, 0, 0, 0, 0, 0, 0
0xA281A9933E536118EC4eb1A0B673Ed0687C5f86E, 86000000000000000000, 0, 0, 0, 0, 0, 0, 0, 0, 0, 0, 0, 0, 0, 0, 0, 0
0x905237A236fdEF2FfB553D351295e279b2762349, 2500000000000000000000, 0, 0, 0, 0, 0, 0, 0, 0, 0, 0, 0, 0, 0, 0, 0, 0
0x504Ae6EF840946ec2536c01AE7F9305561b02A41, 2500000000000000000000, 0, 0, 0, 0, 0, 0, 0, 0, 0, 0, 0, 0, 0, 0, 0, 0
0x212e909fB3F537bECe948B3777151EC1FEF5D984, 1000000000000000000000, 0, 0, 0, 0, 0, 0, 0, 0, 0, 0, 0, 0, 0, 0, 0, 0
0x8e776cF7cBd9b7D915d73bcEeF22C3978636F43E, 2500000000000000000000, 0, 0, 0, 0, 0, 0, 0, 0, 0, 0, 0, 0, 0, 0, 0, 0
0xA5cCA3429Cb88e1c7b5Fd85D358E1E2452f1EDDf, 511281132224205250371, 0, 0, 0, 0, 0, 0, 0, 0, 0, 0, 0, 0, 0, 0, 0, 0
0x14b61B1f23D3883DCFE020e6edcbA1976eAfbDAF, 123000000000000000, 0, 0, 0, 0, 0, 0, 0, 0, 0, 0, 0, 0, 0, 0, 0, 0
0x787009de4d5A70093A7B25E456B4A912bfefdED0, 1104872671848591702523, 0, 0, 0, 0, 0, 0, 0, 0, 0, 0, 0, 0, 0, 0, 0, 0
0xB94fd645918e91013F24786d3041d2F3744779eD, 7500000000000000000000, 0, 0, 0, 0, 0, 0, 0, 0, 0, 0, 0, 0, 0, 0, 0, 0
0xB3863875eEF4Dd820CF81398912b1965E22Bf1E0, 7500000000000000000000, 0, 0, 0, 0, 0, 0, 0, 0, 0, 0, 0, 0, 0, 0, 0, 0
0x19EC50150045189FeF1595f7F31a0D1e9808a4F3, 7500000000000000000000, 0, 0, 0, 0, 0, 0, 0, 0, 0, 0, 0, 0, 0, 0, 0, 0
0xD63Dba0717ff0c9864393F7498A6097CB43bBdAE, 0, 0, 0, 0, 0, 0, 0, 0, 0, 0, 0, 0, 0, 0, 0, 0, 0
0x9a41D253bA6b3c085B6d22E7AE4Bf923C87F0DbC, 0, 0, 0, 0, 0, 0, 0, 0, 0, 0, 0, 0, 0, 0, 0, 0, 0
0x672c4647dC32b45A1a033d2fd35597fcbb4769CF, 500000000000000000000, 0, 0, 0, 0, 0, 0, 0, 0, 0, 0, 0, 0, 0, 0, 0, 0
0x28c1B1c2DbecFE8aE654C57Dfcd14F43c35c9032, 1000000000000000000000, 0, 0, 0, 0, 0, 0, 0, 0, 0, 0, 0, 0, 0, 0, 0, 0
0x40A7c709247a5d4bC519397E3597ae52Ab104732, 500000000000000000000, 0, 0, 0, 0, 0, 0, 0, 0, 0, 0, 0, 0, 0, 0, 0, 0
0xCCb8F14BDC74f89bf13DE9F7D48b948C4486Acf2, 7500000000000000000000, 0, 0, 0, 0, 0, 0, 0, 0, 0, 0, 0, 0, 0, 0, 0, 0
0x57334ea6d8Fb769D8e35c164b2eE92dc64B654e1, 1000000000000000000000, 0, 0, 0, 0, 0, 0, 0, 0, 0, 0, 0, 0, 0, 0, 0, 0
0x0cC165168E0a4C0EDE9D53E95c7b7342459BF62F, 0, 0, 0, 0, 0, 0, 0, 0, 0, 0, 0, 0, 0, 0, 0, 0, 0
0xC8016C038684607F6815AbDa9Fd0D4d920CBA11E, 58222146834173196210, 0, 0, 0, 0, 0, 0, 0, 0, 0, 0, 0, 0, 0, 0, 0, 0
0x2C255256BAe553d0dF9a927CC255958Ed972B9cB, 1000000000000000000000, 0, 0, 0, 0, 0, 0, 0, 0, 0, 0, 0, 0, 0, 0, 0, 0
0xE28B7adB2f963a659AC0F58c5bF2454451D1Af28, 1000000000000000000000, 0, 0, 0, 0, 0, 0, 0, 0, 0, 0, 0, 0, 0, 0, 0, 0
0x6f305822F480B6b43BbA8fcF8a790E0B081C8068, 0, 0, 0, 0, 0, 0, 0, 0, 0, 0, 0, 0, 0, 0, 0, 0, 0
0xE4B2F3dE017128E4Ee1d47338c8058E80c1Ce774, 500000000000000000000, 0, 0, 0, 0, 0, 0, 0, 0, 0, 0, 0, 0, 0, 0, 0, 0
0x2296875D286e029024A9945cc0b2DaCA3793928d, 500000000000000000000, 0, 0, 0, 0, 0, 0, 0, 0, 0, 0, 0, 0, 0, 0, 0, 0
0x07D26926DD4b6c04C58Ffb603dA8D32cFa1c9146, 7500000000000000000000, 0, 0, 0, 0, 0, 0, 0, 0, 0, 0, 0, 0, 0, 0, 0, 0
0xc31121Bc043859c3e219Cdf7A71B4C37F227667a, 2500000000000000000000, 0, 0, 0, 0, 0, 0, 0, 0, 0, 0, 0, 0, 0, 0, 0, 0
0xaEbe2f5b1eb24B5C633bA6032630812daa0ed346, 500000000000000000000, 0, 0, 0, 0, 0, 0, 0, 0, 0, 0, 0, 0, 0, 0, 0, 0
0x00D96383058D9d4C9Fe863030Cc32Bc963361f68, 500000000000000000000, 0, 0, 0, 0, 0, 0, 0, 0, 0, 0, 0, 0, 0, 0, 0, 0
0x8aaAd4C59ec6aAD34E3000ce50c05Fc87d577ab0, 1000000000000000000000, 0, 0, 0, 0, 0, 0, 0, 0, 0, 0, 0, 0, 0, 0, 0, 0
0x240FABDFE42474351b91B02b64844C5e88a3Dd0F, 500000000000000000000, 0, 0, 0, 0, 0, 0, 0, 0, 0, 0, 0, 0, 0, 0, 0, 0
0xDcB4e8543723247b7EE1C3354629e821D95ed7D9, 500000000000000000000, 0, 0, 0, 0, 0, 0, 0, 0, 0, 0, 0, 0, 0, 0, 0, 0
0xbF19EF35deFC98f6Ba5b52438302A0e2d67C33Be, 0, 0, 0, 0, 0, 0, 0, 0, 0, 0, 0, 0, 0, 0, 0, 0, 0
0x27f99bf621B77222d2a18f292F428735372f9799, 1000000000000000000000, 0, 0, 0, 0, 0, 0, 0, 0, 0, 0, 0, 0, 0, 0, 0, 0
0xff13F1C64cD651f20F1F27060f574d5908Bfd5dA, 0, 0, 0, 0, 0, 0, 0, 0, 0, 0, 0, 0, 0, 0, 0, 0, 0
0x270A22427188d3b5f81D5439bA53AF5801CB0F20, 7580672418032786885245, 0, 0, 0, 0, 0, 0, 0, 0, 0, 0, 0, 0, 0, 0, 0, 0
0x70bbFe714C92b8309132a49144ba70b08CdDfE74, 7638167490580138280981, 0, 0, 0, 0, 0, 0, 0, 0, 0, 0, 0, 0, 0, 0, 0, 0
0xB2c7Fb7fa20AfF590a5436D2E70a0e543C247a4c, 2500000000000000000000, 0, 0, 0, 0, 0, 0, 0, 0, 0, 0, 0, 0, 0, 0, 0, 0
0xFE3bbAeae372e1c7ee667097fbaF90331eDbB6ae, 1011510394736842105263, 0, 0, 0, 0, 0, 0, 0, 0, 0, 0, 0, 0, 0, 0, 0, 0
0xc8a9D002FDAEbF5BF03D530C3047D96b44257F10, 48354838719072678680, 0, 0, 0, 0, 0, 0, 0, 0, 0, 0, 0, 0, 0, 0, 0, 0
0x0B3B480a441fa65A3A0c4266147F6a21bb2f29C2, 505899946043165467625, 0, 0, 0, 0, 0, 0, 0, 0, 0, 0, 0, 0, 0, 0, 0, 0
0xB312811396bF993Df19288BBAa57B804B5DCEB1F, 7500000000000000000000, 0, 0, 0, 0, 0, 0, 0, 0, 0, 0, 0, 0, 0, 0, 0, 0
0xE468C29039B7706802c9823e46D71f74b202284b, 7500000000000000000000, 0, 0, 0, 0, 0, 0, 0, 0, 0, 0, 0, 0, 0, 0, 0, 0
0x340337E23Fc39053f65E474f6A74357B50f47E1D, 500000000000000000000, 0, 0, 0, 0, 0, 0, 0, 0, 0, 0, 0, 0, 0, 0, 0, 0
0x5B08878E774c717A34D2538059A63bdD0389A7E8, 2500000000000000000000, 0, 0, 0, 0, 0, 0, 0, 0, 0, 0, 0, 0, 0, 0, 0, 0
0xE1C10F723c3124E38e4E48ccb570DC108b6aaD07, 0, 0, 0, 0, 0, 0, 0, 0, 0, 0, 0, 0, 0, 0, 0, 0, 0
0xD049670F71F8a7e91bA19D8840422766FFc48295, 7500000000000000000000, 0, 0, 0, 0, 0, 0, 0, 0, 0, 0, 0, 0, 0, 0, 0, 0
0x92e6c8F512b3d761b1d617C1C468234F2Eb20F72, 500000000000000000000, 0, 0, 0, 0, 0, 0, 0, 0, 0, 0, 0, 0, 0, 0, 0, 0
0x3a0b9740cE9d534A2211794D28D39FaeEaeb8592, 2500000000000000000000, 0, 0, 0, 0, 0, 0, 0, 0, 0, 0, 0, 0, 0, 0, 0, 0
0xd1380d0Ce0619148662E083b4dDe32e4A6f4c44F, 502122316462124418117, 0, 0, 0, 0, 0, 0, 0, 0, 0, 0, 0, 0, 0, 0, 0, 0
0x5D4dC6B4A4A43b244540f57C7323d7b1B26eEd4b, 505899946043165467625, 0, 0, 0, 0, 0, 0, 0, 0, 0, 0, 0, 0, 0, 0, 0, 0
0x180367325608DD4365876b1149fCC37968aB1154, 7500000000000000000000, 0, 0, 0, 0, 0, 0, 0, 0, 0, 0, 0, 0, 0, 0, 0, 0
0xC83ae4e437c98fFf3dB5B1eceA30b0DF429A922D, 1026960119989367357787, 0, 0, 0, 0, 0, 0, 0, 0, 0, 0, 0, 0, 0, 0, 0, 0
0x2Bdb154233F1730888da3E736c1a46Df4E5ff5d9, 0, 0, 0, 0, 0, 0, 0, 0, 0, 0, 0, 0, 0, 0, 0, 0, 0
0x3443630AA1DF685EA6AE6ec548529C6944CAb958, 1000000000000000000000, 0, 0, 0, 0, 0, 0, 0, 0, 0, 0, 0, 0, 0, 0, 0, 0
0xD761A2d45C3a70BB4E8a0e4cF5c4cd523B4D4f08, 229350000000000000000, 0, 0, 0, 0, 0, 0, 0, 0, 0, 0, 0, 0, 0, 0, 0, 0
0x2f564bC86D883E7B2551a65EA3dFbEB5ce11914e, 513833245607435620129, 0, 0, 0, 0, 0, 0, 0, 0, 0, 0, 0, 0, 0, 0, 0, 0
0xdDab01D4f675B99faf758d95b76c32798E54b105, 0, 0, 0, 0, 0, 0, 0, 0, 0, 0, 0, 0, 0, 0, 0, 0, 0
0x40dEBf15817973391f1B366aD17D2de2aca8968D, 0, 0, 0, 0, 0, 0, 0, 0, 0, 0, 0, 0, 0, 0, 0, 0, 0
0x02e4f19d120C8859CB3A0Fd6708D21bE3c3f543E, 10622089315639176145, 0, 0, 0, 0, 0, 0, 0, 0, 0, 0, 0, 0, 0, 0, 0, 0
0xA2c856ABee3DC00dbfF539F516dBBAFe5f3E9829, 1000000000000000000000, 0, 0, 0, 0, 0, 0, 0, 0, 0, 0, 0, 0, 0, 0, 0, 0
0xEe018a940Ea6A8e64A10B9418D0530dD51B9b053, 7500000000000000000, 0, 0, 0, 0, 0, 0, 0, 0, 0, 0, 0, 0, 0, 0, 0, 0
0xDe7a68362eD58E115699d5dBa559bc2dfba0f447, 500000000000000000000, 0, 0, 0, 0, 0, 0, 0, 0, 0, 0, 0, 0, 0, 0, 0, 0
0xC6E00295C390adB9d567C600E67b3cAe1bB8B664, 500000000000000000000, 0, 0, 0, 0, 0, 0, 0, 0, 0, 0, 0, 0, 0, 0, 0, 0
0xbb0675aC06310EDb6CbC0882d5Ad6420Ecd9551c, 2500000000000000000000, 0, 0, 0, 0, 0, 0, 0, 0, 0, 0, 0, 0, 0, 0, 0, 0
0x5B04D2920Db07D8677F4ef4C81fEcc1738707afD, 500000000000000000000, 0, 0, 0, 0, 0, 0, 0, 0, 0, 0, 0, 0, 0, 0, 0, 0
0xE744fc9CB5DdFA9F9301A92B7835B8044C9dd71a, 500000000000000000000, 0, 0, 0, 0, 0, 0, 0, 0, 0, 0, 0, 0, 0, 0, 0, 0
0x41F2D461c54b600D5EEbF3c42B88669c60cF5AaA, 500000000000000000000, 0, 0, 0, 0, 0, 0, 0, 0, 0, 0, 0, 0, 0, 0, 0, 0
0xd94C847d9322f9e7441834f692Eb7FDA3E2aDCE6, 500000000000000000000, 0, 0, 0, 0, 0, 0, 0, 0, 0, 0, 0, 0, 0, 0, 0, 0
0x929D9Fd78bE722bA8b3A554b9309dc825652decE, 2500000000000000000000, 0, 0, 0, 0, 0, 0, 0, 0, 0, 0, 0, 0, 0, 0, 0, 0
0x45b4749D82Cf410edA6D0A2bfa15E569eb81F618, 18942, 0, 0, 0, 0, 0, 0, 0, 0, 0, 0, 0, 0, 0, 0, 0, 0
0x820D98e20B4eFfbdD5804a19d8F845a27b82c92a, 500000000000000000000, 0, 0, 0, 0, 0, 0, 0, 0, 0, 0, 0, 0, 0, 0, 0, 0
0x7aCD90557720C88dAa0985b66FD4054cB4075bE5, 500000000000000000000, 0, 0, 0, 0, 0, 0, 0, 0, 0, 0, 0, 0, 0, 0, 0, 0
0x661Eb952D1DfF155653BB9939833510A01535B8F, 0, 0, 0, 0, 0, 0, 0, 0, 0, 0, 0, 0, 0, 0, 0, 0, 0
0x6ca9DE99D2d17Bc3e711e403fe05744e67FBEBfC, 0, 0, 0, 0, 0, 0, 0, 0, 0, 0, 0, 0, 0, 0, 0, 0, 0
0xF1908BE7CcB3c177095cF5f0EF3057E5cac2BB25, 0, 0, 0, 0, 0, 0, 0, 0, 0, 0, 0, 0, 0, 0, 0, 0, 0
0x70631D68bCBEB90Fb12aBF70a6B2D836F65D8E0b, 500000000000000000000, 0, 0, 0, 0, 0, 0, 0, 0, 0, 0, 0, 0, 0, 0, 0, 0
0x499E78e129Db8d368cf32b0C1bf021584C189800, 500000000000000000000, 0, 0, 0, 0, 0, 0, 0, 0, 0, 0, 0, 0, 0, 0, 0, 0
0x06f070cf60C09044422c2cFF4661f1dCC52F6e32, 1000000000000000000000, 0, 0, 0, 0, 0, 0, 0, 0, 0, 0, 0, 0, 0, 0, 0, 0
0x930b42C6255a73d404038222C361D9Ef7d55238b, 500000000000000000000, 0, 0, 0, 0, 0, 0, 0, 0, 0, 0, 0, 0, 0, 0, 0, 0
0xF1cC30427A518f56e7d0C9182eFa402c21A29f8b, 500000000000000000000, 0, 0, 0, 0, 0, 0, 0, 0, 0, 0, 0, 0, 0, 0, 0, 0
0xb2cbADCa3E312b34a21A40B2A1799a8b50E8b7fF, 500000000000000000000, 0, 0, 0, 0, 0, 0, 0, 0, 0, 0, 0, 0, 0, 0, 0, 0
0xA97445c0dF944864D6a99162AF3d4180aA780159, 88446522567258543894, 0, 0, 0, 0, 0, 0, 0, 0, 0, 0, 0, 0, 0, 0, 0, 0
0xa80bDdB3145d6784E33c6f9B0CaF9Fd47c7b6EB4, 1000000000000000000000, 0, 0, 0, 0, 0, 0, 0, 0, 0, 0, 0, 0, 0, 0, 0, 0
0x667083023c5d88B41b93E9A919CE8d976dD94Ca8, 505899946043165467625, 0, 0, 0, 0, 0, 0, 0, 0, 0, 0, 0, 0, 0, 0, 0, 0
0xC33EDDbeEe6aE9378A1fCB0f4Fd9301BB114D197, 1000000000000000000000, 0, 0, 0, 0, 0, 0, 0, 0, 0, 0, 0, 0, 0, 0, 0, 0
0xDec48Fcd836841e9c6f885eA1fA8Bb822D65A5d7, 500000000000000000000, 0, 0, 0, 0, 0, 0, 0, 0, 0, 0, 0, 0, 0, 0, 0, 0
0x46Cf3DD31A8635DcEe1372dac3Ed2fF320AF4b71, 500000000000000000000, 0, 0, 0, 0, 0, 0, 0, 0, 0, 0, 0, 0, 0, 0, 0, 0
0xe5F9299bef0631Ff9d9dd837F9B784258d387905, 17866340049948718749, 0, 0, 0, 0, 0, 0, 0, 0, 0, 0, 0, 0, 0, 0, 0, 0
0x3e7F6DB4c1bB84e3D1ff4157C4072a62D5ffD5C1, 9662013385088781581, 0, 0, 0, 0, 0, 0, 0, 0, 0, 0, 0, 0, 0, 0, 0, 0
0xcf3903628F58bbf38d54ddF6c56eC8bFB8b4Cb77, 150000000000000000000, 0, 0, 0, 0, 0, 0, 0, 0, 0, 0, 0, 0, 0, 0, 0, 0
0x3d92a3fD29D3E7DB605e5fE052D32212c179726d, 1000000000000000000000, 0, 0, 0, 0, 0, 0, 0, 0, 0, 0, 0, 0, 0, 0, 0, 0
0x341E7e644B3a3Eda3DF521Fb6d05d96e8627c1e8, 1000000000000000000000, 0, 0, 0, 0, 0, 0, 0, 0, 0, 0, 0, 0, 0, 0, 0, 0
0x9CDBba52E291449174Bbc1D1D8f9fC5aE5B98Aac, 2500000000000000000000, 0, 0, 0, 0, 0, 0, 0, 0, 0, 0, 0, 0, 0, 0, 0, 0
0xB1FbA3a13C946e424a97e086AC0c7AE47Cc877b4, 0, 0, 0, 0, 0, 0, 0, 0, 0, 0, 0, 0, 0, 0, 0, 0, 0
0xF88549EFCD0c79Dc21BA0daf9473bB7918D5FfbC, 2500000000000000000000, 0, 0, 0, 0, 0, 0, 0, 0, 0, 0, 0, 0, 0, 0, 0, 0
0x58ce463369CE4D462fBF3C5551b959b59497a126, 6550745496094114666, 0, 0, 0, 0, 0, 0, 0, 0, 0, 0, 0, 0, 0, 0, 0, 0
0x4ED2086F5744df39B90fC9c9a343D1C1EF47979D, 77500000000000000000, 0, 0, 0, 0, 0, 0, 0, 0, 0, 0, 0, 0, 0, 0, 0, 0
0x3F93B736a315854d030D1862ff67BA9f3E5F1854, 500000000000000000000, 0, 0, 0, 0, 0, 0, 0, 0, 0, 0, 0, 0, 0, 0, 0, 0
0xb4904279f66c157C37e17650Cf63e8714E8a6F57, 500000000000000000000, 0, 0, 0, 0, 0, 0, 0, 0, 0, 0, 0, 0, 0, 0, 0, 0
0x3212A85f6B158c942CdF652D580297E01c6A5FBd, 1000000000000000000000, 0, 0, 0, 0, 0, 0, 0, 0, 0, 0, 0, 0, 0, 0, 0, 0
0x17EB137BA4aF604ddd747086A70B133B38Bbc62B, 1327090983241990482359, 0, 0, 0, 0, 0, 0, 0, 0, 0, 0, 0, 0, 0, 0, 0, 0
0x4f0D77583F194d43078b73DDA12BbdB7Ba15BCa1, 19034370179878704483, 0, 0, 0, 0, 0, 0, 0, 0, 0, 0, 0, 0, 0, 0, 0, 0
0x10DCE68fD081A583600D1EE1E36a0E8353D614C8, 500000000000000000000, 0, 0, 0, 0, 0, 0, 0, 0, 0, 0, 0, 0, 0, 0, 0, 0
0xEcC79D66dB8B46e9aE1A6d70C532f01230fE8E7a, 1000000000000000000000, 0, 0, 0, 0, 0, 0, 0, 0, 0, 0, 0, 0, 0, 0, 0, 0
0x29610b5FD10d6726c35b69F8D9607d4B517a01Ca, 0, 0, 0, 0, 0, 0, 0, 0, 0, 0, 0, 0, 0, 0, 0, 0, 0
0x0424a7D910b31EF3c7C968a57AFD6FE130c75477, 0, 0, 0, 0, 0, 0, 0, 0, 0, 0, 0, 0, 0, 0, 0, 0, 0
0xE8448364E8da2F438392b87AdAe20ed2D79A99Cf, 504835483871907267863, 0, 0, 0, 0, 0, 0, 0, 0, 0, 0, 0, 0, 0, 0, 0, 0
0x3bf768ebCC84323084D77E10ed7ed61C4348C4F6, 1000000000000000000000, 0, 0, 0, 0, 0, 0, 0, 0, 0, 0, 0, 0, 0, 0, 0, 0
0x40038AB1740679cB9B8175BC5615540FC7438A66, 140020094206066262, 0, 0, 0, 0, 0, 0, 0, 0, 0, 0, 0, 0, 0, 0, 0, 0
0xFC4f63AB6bbA8bc1c83d395628fF1b86f8Fb3f9F, 1000000000000000000000, 0, 0, 0, 0, 0, 0, 0, 0, 0, 0, 0, 0, 0, 0, 0, 0
0xa3326731BEF6A04c4b4c4C6bE0831e799D9DaBCc, 1000000000000000000000, 0, 0, 0, 0, 0, 0, 0, 0, 0, 0, 0, 0, 0, 0, 0, 0
0xE962fd56815635B75c0D1Fc8d38f70c94fb37E74, 1000000000000000000000, 0, 0, 0, 0, 0, 0, 0, 0, 0, 0, 0, 0, 0, 0, 0, 0
0x8a93843254D1B162B21C90481d8d5B13737af4d3, 2500000000000000000000, 0, 0, 0, 0, 0, 0, 0, 0, 0, 0, 0, 0, 0, 0, 0, 0
0x7B251DD160Ab0288622748071b53696448062B18, 1000000000000000000000, 0, 0, 0, 0, 0, 0, 0, 0, 0, 0, 0, 0, 0, 0, 0, 0
0x64090Ee11b7D6d50C049D762DA1C7c01f769a846, 0, 0, 0, 0, 0, 0, 0, 0, 0, 0, 0, 0, 0, 0, 0, 0, 0
0xAC29F627828df801cD0990D591EdcaD533F5836F, 2500000000000000000000, 0, 0, 0, 0, 0, 0, 0, 0, 0, 0, 0, 0, 0, 0, 0, 0
0xEa8DDB676F527a68D33080f1f6646bAAFEeea472, 500000000000000000000, 0, 0, 0, 0, 0, 0, 0, 0, 0, 0, 0, 0, 0, 0, 0, 0
0xA02B2E90b8B99402F890D702aE4304f852aB4672, 1000000000000000000000, 0, 0, 0, 0, 0, 0, 0, 0, 0, 0, 0, 0, 0, 0, 0, 0
0x520F15fE518B92B517169F97397A4087e48d194f, 1000000000000000000000, 0, 0, 0, 0, 0, 0, 0, 0, 0, 0, 0, 0, 0, 0, 0, 0
0x96942569ECD8A81DC98F4255818B6D46a43C6BaA, 1011510394736842105263, 0, 0, 0, 0, 0, 0, 0, 0, 0, 0, 0, 0, 0, 0, 0, 0
0x2B301bf27c7e6b016A940924955aa65a183cA1E3, 510314504866694879389, 0, 0, 0, 0, 0, 0, 0, 0, 0, 0, 0, 0, 0, 0, 0, 0
0x0c585Ab61258D99c310528c97460D0D23fE8E24F, 500000000000000000000, 0, 0, 0, 0, 0, 0, 0, 0, 0, 0, 0, 0, 0, 0, 0, 0
0x47AE1C36Ec3B610045E5040E34c113A0d5F02507, 1000000000000000000000, 0, 0, 0, 0, 0, 0, 0, 0, 0, 0, 0, 0, 0, 0, 0, 0
0x724F4080d93eed5616459F87C7b7D613902E26dA, 1000000000000000000000, 0, 0, 0, 0, 0, 0, 0, 0, 0, 0, 0, 0, 0, 0, 0, 0
0xF0623cA7B731f05e2cDA38227e7E7131Baca9a18, 1010359355263157894737, 0, 0, 0, 0, 0, 0, 0, 0, 0, 0, 0, 0, 0, 0, 0, 0
0x9Fe38e18c2c2035c62a0fCC3594913f36F2F409A, 36418085354864031216, 0, 0, 0, 0, 0, 0, 0, 0, 0, 0, 0, 0, 0, 0, 0, 0
0x9eF9939F43034C460d78838e88f06AE54b3AF213, 0, 0, 0, 0, 0, 0, 0, 0, 0, 0, 0, 0, 0, 0, 0, 0, 0
0x2fd72465f610baB4C707ad2E31D2fbaEF0a1922d, 500000000000000000000, 0, 0, 0, 0, 0, 0, 0, 0, 0, 0, 0, 0, 0, 0, 0, 0
0xD914f4ca2F90c0180D68C566FAB82a7059127ce1, 1000000000000000000000, 0, 0, 0, 0, 0, 0, 0, 0, 0, 0, 0, 0, 0, 0, 0, 0
0x8c4d3A656C281317b51b834Fe48105F50fC68288, 7500000000000000000000, 0, 0, 0, 0, 0, 0, 0, 0, 0, 0, 0, 0, 0, 0, 0, 0
0x6709238615509Df0bE0E5cC8733ded33786AcfCD, 2759974040617990802, 0, 0, 0, 0, 0, 0, 0, 0, 0, 0, 0, 0, 0, 0, 0, 0
0x8732D7442382096D573b04bc6166Df2B10fE98F1, 7500000000000000000000, 0, 0, 0, 0, 0, 0, 0, 0, 0, 0, 0, 0, 0, 0, 0, 0
0xed2EB93625f7C3a7d3232eaABDF615e478c99847, 10368773559584484890, 0, 0, 0, 0, 0, 0, 0, 0, 0, 0, 0, 0, 0, 357828000207000, 0, 0
0x0fe23bF5959a7f42e8b85f852BF080115fAB3473, 1053955921664222893770, 0, 0, 0, 0, 0, 0, 0, 0, 0, 0, 0, 0, 0, 0, 0, 0
0x2f2D42e3AB6314e567e39d9c46Abb5d34740A6c7, 0, 0, 0, 0, 0, 0, 0, 0, 0, 0, 0, 0, 0, 0, 0, 0, 0
0xec473FA4A3AD75f9976818bC4961ca864aeC36bC, 518339671462948928113, 0, 0, 0, 0, 0, 0, 0, 0, 0, 0, 0, 0, 0, 0, 0, 0
0xa0322E5CbccDc1f9BD4B2DBb8FE8ceCe9A168736, 1016314033529601341572, 0, 0, 0, 0, 0, 0, 0, 0, 0, 0, 0, 0, 0, 0, 0, 0
0xbEbF0C2013dd17EB6ABC6d78Ad09480c64Ec654E, 500000000000000000000, 0, 0, 0, 0, 0, 0, 0, 0, 0, 0, 0, 0, 0, 0, 0, 0
0x5feeD0b6314330C2a6c68eFc3bc3Db81712AC9B3, 2500000000000000000000, 0, 0, 0, 0, 0, 0, 0, 0, 0, 0, 0, 0, 0, 0, 0, 0
0x8f50FD57B2B80d2BbFc1861660465d00bF3F071C, 500000000000000000000, 0, 0, 0, 0, 0, 0, 0, 0, 0, 0, 0, 0, 0, 0, 0, 0
0xFC90016AD58B4495975ca1a938e15Cf081aD07cC, 500000000000000000000, 0, 0, 0, 0, 0, 0, 0, 0, 0, 0, 0, 0, 0, 0, 0, 0
0xF31b83E2b52F0007Ce9cE1BDe2c81952777d931d, 2500000000000000000000, 0, 0, 0, 0, 0, 0, 0, 0, 0, 0, 0, 0, 0, 0, 0, 0
0x7eA3E13255E9BBdB7c63C1E12CD7ef8083451598, 18855540664951014777, 0, 0, 0, 0, 0, 0, 0, 0, 0, 0, 0, 0, 0, 0, 0, 0
0x99cE50Aac777b7Ebbf12325930E2dA4165A77bf0, 1000000000000000000000, 0, 0, 0, 0, 0, 0, 0, 0, 0, 0, 0, 0, 0, 0, 0, 0
0x67186cd08ceB2DBDa37d27d52C3cf21B2f3f582B, 518339671462948928113, 0, 0, 0, 0, 0, 0, 0, 0, 0, 0, 0, 0, 0, 0, 0, 0
0xA4EE8B33921c005ecb83e6973453dd62d9031aEb, 2500000000000000000000, 0, 0, 0, 0, 0, 0, 0, 0, 0, 0, 0, 0, 0, 0, 0, 0
0xB4709549bD2f7b21C0636B087E4b176C4c25514b, 5044359479800123670, 0, 0, 0, 0, 0, 0, 0, 0, 0, 0, 0, 0, 0, 0, 0, 0
0x2e1FCd3FFDB53544CE69603336E1C59dC0D0c058, 0, 0, 0, 0, 0, 0, 0, 0, 0, 0, 0, 0, 0, 0, 0, 0, 0
0x4AbF48Bd91b8aEBC9fBC2C93E94146A436e5d2a4, 0, 0, 0, 0, 0, 0, 0, 0, 0, 0, 0, 0, 0, 0, 0, 0, 0
0xcB2DD9a8bfA003365967f826F2e04D559b62a472, 500000000000000000000, 0, 0, 0, 0, 0, 0, 0, 0, 0, 0, 0, 0, 0, 0, 0, 0
0xc604BC8adE6cDc85f69cF224071329baf3CA8eb8, 8041378335634216181, 0, 0, 0, 0, 0, 0, 0, 0, 0, 0, 0, 0, 0, 0, 0, 0
0xB58B0835C90695Cf80A53b75B0042d8256A2C2A9, 510314504866694879389, 0, 0, 0, 0, 0, 0, 0, 0, 0, 0, 0, 0, 0, 0, 0, 0
0xc15CD4c6eEabfFD336899a8eC44942B279AadD68, 505899946043165467625, 0, 0, 0, 0, 0, 0, 0, 0, 0, 0, 0, 0, 0, 0, 0, 0
0x8a40bfc9b81a3aC7eDC4c4c5C602932cB0B5267e, 7500000000000000000000, 0, 0, 0, 0, 0, 0, 0, 0, 0, 0, 0, 0, 0, 0, 0, 0
0x96ab106bA3302B7FDdb6c81929f8D08C3197DDe8, 4135710316425998, 0, 0, 0, 0, 0, 0, 0, 0, 0, 0, 0, 0, 0, 0, 0, 0
0xD4696DbE6Eb5c37C50D5808A2Bb291ec710d67cD, 14988108562602892996, 0, 0, 0, 0, 0, 0, 0, 0, 0, 0, 0, 0, 0, 45000000000000, 0, 0
0xa583276d43185501d5E97f276FEB359aC2aA859E, 500000000000000000000, 0, 0, 0, 0, 0, 0, 0, 0, 0, 0, 0, 0, 0, 0, 0, 0
0xC30E7E7A1d1CA689847117B476daE4D7fa540adE, 2500000000000000000000, 0, 0, 0, 0, 0, 0, 0, 0, 0, 0, 0, 0, 0, 0, 0, 0
0x79Ef92a75A7De761F72c276E8812BA3fAcb6ebC2, 1011510394736842105263, 0, 0, 0, 0, 0, 0, 0, 0, 0, 0, 0, 0, 0, 0, 0, 0
0x3f0B951F11bDd9DC593c2570D59DE1872aCde8d3, 100320947113226290488, 0, 0, 0, 0, 0, 0, 0, 0, 0, 0, 0, 0, 0, 0, 0, 0
0xB34D0554b1785ac123e9824d0569c09cd6c6B9c9, 0, 0, 0, 0, 0, 0, 0, 0, 0, 0, 0, 0, 0, 0, 0, 0, 0
0xaaAEd33fd69d9fB88c828B4FEbe34dE13DBAD3d6, 500000000000000000000, 0, 0, 0, 0, 0, 0, 0, 0, 0, 0, 0, 0, 0, 0, 0, 0
0x0b26d9f19B490DAD8b861af8E24E8F7223C495B8, 1000000000000000000000, 0, 0, 0, 0, 0, 0, 0, 0, 0, 0, 0, 0, 0, 0, 0, 0
0x09E0B7badb2dE766F242F3A64884F9707759c914, 1011510394736842105263, 0, 0, 0, 0, 0, 0, 0, 0, 0, 0, 0, 0, 0, 0, 0, 0
0xC7Cc3aC6F84DCdDf13a4cbc0aFB4f8C86d4F9cb1, 14081924175627229034, 0, 0, 0, 0, 0, 0, 0, 0, 0, 0, 0, 0, 0, 0, 0, 0
0xbC11672aeea2763ac79F4Eb7C3A1c9A288A42655, 49908172760347066696, 0, 0, 0, 0, 0, 0, 0, 0, 0, 0, 0, 0, 0, 0, 0, 0
0x526476789702825634DB1B66112B2fDDF4F619b6, 510314504866694879389, 0, 0, 0, 0, 0, 0, 0, 0, 0, 0, 0, 0, 0, 0, 0, 0
0x156f84CF189292f17ce0560804069f63F40Ccd3D, 500000000000000000000, 0, 0, 0, 0, 0, 0, 0, 0, 0, 0, 0, 0, 0, 0, 0, 0
0xe24913468e3F1F9C6BCD553f2651cfad8dA54745, 7500000000000000000000, 0, 0, 0, 0, 0, 0, 0, 0, 0, 0, 0, 0, 0, 0, 0, 0
0x21e7dCb51cA60bbbE461956d0e129d78a1A39c87, 1000000000000000000000, 0, 0, 0, 0, 0, 0, 0, 0, 0, 0, 0, 0, 0, 0, 0, 0
0x5294A816063b9141A109Bb7B39B945bAc36D8F7c, 200000000000000000, 0, 0, 0, 0, 0, 0, 0, 0, 0, 0, 0, 0, 0, 0, 0, 0
0xC16fB751f36f1E059c785D2d963F9177e68ba276, 333878057553956833, 0, 0, 0, 0, 0, 0, 0, 0, 0, 0, 0, 0, 0, 0, 0, 0
0x68ac2AE5721E1f4c65b2bA8C03d41C790C5023f7, 500000000000000000000, 0, 0, 0, 0, 0, 0, 0, 0, 0, 0, 0, 0, 0, 0, 0, 0
0xa8a75cA52c652Df3fEEfD49d07D6b8CC04E8783a, 500000000000000000000, 0, 0, 0, 0, 0, 0, 0, 0, 0, 0, 0, 0, 0, 0, 0, 0
0xEf45c2D9a6Cb25bE946B8EeB435e788563f70681, 5334891751157847831, 0, 0, 0, 0, 0, 0, 0, 0, 0, 0, 0, 0, 0, 0, 0, 0
0x9ef1552E8D4C7BFB22bE8D1b449FEf27eB782C83, 1000000000000000000000, 0, 0, 0, 0, 0, 0, 0, 0, 0, 0, 0, 0, 0, 0, 0, 0
0x972F7232aA553d91228B9634cB96F12d5247a7bF, 1000000000000000000000, 0, 0, 0, 0, 0, 0, 0, 0, 0, 0, 0, 0, 0, 0, 0, 0
0x08228cFCfb744582Cf0B8658078874E092caF9D8, 500000000000000000000, 0, 0, 0, 0, 0, 0, 0, 0, 0, 0, 0, 0, 0, 0, 0, 0
0xE8f12696450C6c45e2Fc07CdBb0F2AD1aEf099a8, 500000000000000000000, 0, 0, 0, 0, 0, 0, 0, 0, 0, 0, 0, 0, 0, 0, 0, 0
0xf6E3d1aA75Abcd9869dB61272C3c231ed5F3343D, 500000000000000000000, 0, 0, 0, 0, 0, 0, 0, 0, 0, 0, 0, 0, 0, 0, 0, 0
0xbBA1FaE73a1A27271083954117ed932BDe98EC79, 2500000000000000000000, 0, 0, 0, 0, 0, 0, 0, 0, 0, 0, 0, 0, 0, 0, 0, 0
0x1BAA3518240eb10DCd0FeAd44b0E4D0Ee8B2b7C7, 1000000000000000000000, 0, 0, 0, 0, 0, 0, 0, 0, 0, 0, 0, 0, 0, 0, 0, 0
0x9Df312eD706Eb1167634B5498a9A0AA8ca872c6b, 2500000000000000000000, 0, 0, 0, 0, 0, 0, 0, 0, 0, 0, 0, 0, 0, 0, 0, 0
0x32804Ca4E79a3037aaB91Aac008d5535E34DB364, 0, 0, 0, 0, 0, 0, 0, 0, 0, 0, 0, 0, 0, 0, 0, 0, 0
0xCe1A1B0ca1B527f0c434e8E6b487ef7e02Dd6014, 500000000000000000000, 0, 0, 0, 0, 0, 0, 0, 0, 0, 0, 0, 0, 0, 0, 0, 0
0xBdc82d554eC271df5818FE96acd2493317e83cef, 13595070596129388966, 0, 0, 0, 0, 0, 0, 0, 0, 0, 0, 0, 0, 0, 1789500000069000, 0, 0
0xf8A650D1EC8AC3278B04a1ac73265f5D1b62f8A8, 1000000000000000000000, 0, 0, 0, 0, 0, 0, 0, 0, 0, 0, 0, 0, 0, 0, 0, 0
0x9C0AE92F77925E56314F1Eefe39482A677a4a2A0, 1000000000000000000000, 0, 0, 0, 0, 0, 0, 0, 0, 0, 0, 0, 0, 0, 0, 0, 0
0x93124F6290CE15A9DEa2B155510210AE00E34A41, 1053955921664222893770, 0, 0, 0, 0, 0, 0, 0, 0, 0, 0, 0, 0, 0, 0, 0, 0
0x48e6274014e1Ed2D20b86224Bda5280FfEf0f307, 2500000000000000000000, 0, 0, 0, 0, 0, 0, 0, 0, 0, 0, 0, 0, 0, 0, 0, 0
0x91E0BE4f8a30D9A1eaB2495A25E0f00C1eb42897, 78546136058791839898, 0, 0, 0, 0, 0, 0, 0, 0, 0, 0, 0, 0, 0, 0, 0, 0
0x734dF895393848F124a4550d8d75F3259D2011B7, 503721536753895135934, 0, 0, 0, 0, 0, 0, 0, 0, 0, 0, 0, 0, 0, 0, 0, 0
0xf931C6ab228df7F1332D34fa67Cd189e9e3b7128, 1000000000000000000000, 0, 0, 0, 0, 0, 0, 0, 0, 0, 0, 0, 0, 0, 0, 0, 0
0x2f4967A19c5d647F77F60395B45280EbE1DF5D7f, 500000000000000000000, 0, 0, 0, 0, 0, 0, 0, 0, 0, 0, 0, 0, 0, 0, 0, 0
0x0563b46794De37595Fa9Bd086c1Feb5974717b59, 2500000000000000000000, 0, 0, 0, 0, 0, 0, 0, 0, 0, 0, 0, 0, 0, 0, 0, 0
0xfbdBce7A97D0d0ee2bfE0DA6BBfABA6Ac682FB4a, 128890429591190197691, 0, 0, 0, 0, 0, 0, 0, 0, 0, 0, 0, 0, 0, 9999999958000, 0, 0
0x15a4360574794f206419EfD06182F914cD24b62F, 1637512137750722818, 0, 0, 0, 0, 0, 0, 0, 0, 0, 0, 0, 0, 0, 0, 0, 0
0x13967e37502F9a9c8856d9c3B5bF8b4FC146a5b2, 500000000000000000000, 0, 0, 0, 0, 0, 0, 0, 0, 0, 0, 0, 0, 0, 0, 0, 0
0x6204870da0F5243E0C79dCc71fcb05384A7354B8, 8998921315087673986, 0, 0, 0, 0, 0, 0, 0, 0, 0, 0, 0, 0, 0, 0, 0, 0
0x28790D7016870c1e27A5680e26a501a95a527138, 1000000000000000000000, 0, 0, 0, 0, 0, 0, 0, 0, 0, 0, 0, 0, 0, 0, 0, 0
0xA588A4b7c4b086EBfC495fe423Ed8c41eD91Cd00, 2500000000000000000000, 0, 0, 0, 0, 0, 0, 0, 0, 0, 0, 0, 0, 0, 0, 0, 0
0x2a265A40326D7BEAF5f686743Ce51751436BAACA, 2500000000000000000000, 0, 0, 0, 0, 0, 0, 0, 0, 0, 0, 0, 0, 0, 0, 0, 0
0xE37e9975A727920C0b9660d9160c421bC8d2B10d, 500000000000000000000, 0, 0, 0, 0, 0, 0, 0, 0, 0, 0, 0, 0, 0, 0, 0, 0
0x787738E46DaA4d81190807485215F42654aBB08B, 500000000000000000000, 0, 0, 0, 0, 0, 0, 0, 0, 0, 0, 0, 0, 0, 0, 0, 0
0x4fBe7a074bf7EC4235B58d9EA307a5859F942c97, 477406615044708766449, 0, 0, 0, 0, 0, 0, 0, 0, 0, 0, 0, 0, 0, 0, 0, 0
0x9a206DDCf2A2b173d47B2757f30cb76F7102F9B4, 500000000000000000000, 0, 0, 0, 0, 0, 0, 0, 0, 0, 0, 0, 0, 0, 0, 0, 0
0xFFbf93E6aa398649fc67EF18B43EfaDF34ce3D3c, 37538547604145315138, 0, 0, 0, 0, 0, 0, 0, 0, 0, 0, 0, 0, 0, 0, 0, 0
0x82D39A42a4FF89Eb5ad261A634FCa580B6C28397, 500000000000000000000, 0, 0, 0, 0, 0, 0, 0, 0, 0, 0, 0, 0, 0, 0, 0, 0
0xC7B780C06Cca03269556F1b06fA674Dce690236B, 1000000000000000000000, 0, 0, 0, 0, 0, 0, 0, 0, 0, 0, 0, 0, 0, 0, 0, 0
0x7C7B8e73559Af64bA8e6A7B681F9bFe2aFC31DD5, 1000000000000000000000, 0, 0, 0, 0, 0, 0, 0, 0, 0, 0, 0, 0, 0, 0, 0, 0
0x2b8ee03afA93E93C91fA5f4195E742301f132aAA, 155220893156391761531, 0, 0, 0, 0, 0, 0, 0, 0, 0, 0, 0, 0, 0, 0, 0, 0
0x595535F181Dd3ef0e6b1f6deB42c847cBD9BA5af, 175799426150189851493, 0, 0, 0, 0, 0, 0, 0, 0, 0, 0, 0, 0, 0, 0, 0, 0
0x9795bf376a9E211b97849bd427493769F939d178, 200000000000000000, 0, 0, 0, 0, 0, 0, 0, 0, 0, 0, 0, 0, 0, 0, 0, 0
0x2183366071B37E1FC4E43f54E1bEBf78c9e457dD, 0, 0, 0, 0, 0, 0, 0, 0, 0, 0, 0, 0, 0, 0, 0, 0, 0
0xeD3f2A1063582c18dfd2c19380c4B9D7C676A9f0, 1000000000000000000000, 0, 0, 0, 0, 0, 0, 0, 0, 0, 0, 0, 0, 0, 0, 0, 0
0xC748FD0a02132e8AaD32d3BB4746DF022A8D8aa2, 1000000000000000000000, 0, 0, 0, 0, 0, 0, 0, 0, 0, 0, 0, 0, 0, 0, 0, 0
0x2ac4F4acC0f2Fea28F49132D028aa212B4f12F8D, 502598469646520145198, 0, 0, 0, 0, 0, 0, 0, 0, 0, 0, 0, 0, 0, 0, 0, 0
0x00FA31C6c54B53a9c583201eF19e0c38CC961c29, 1000000000000000000000, 0, 0, 0, 0, 0, 0, 0, 0, 0, 0, 0, 0, 0, 0, 0, 0
0x90171a5e9F1782a85B5AAc71BdB992D61D1dE089, 103693973513848798082, 0, 0, 0, 0, 0, 0, 0, 0, 0, 0, 0, 0, 0, 6275128798143801340, 0, 0
0xDbdA74885801C18aACda85afd7c32086501Cb5e6, 1000000000000000000000, 0, 0, 0, 0, 0, 0, 0, 0, 0, 0, 0, 0, 0, 0, 0, 0
0x7b5d04a5b5D2c9b8d53b2A374beab17c26c480C5, 2500000000000000000000, 0, 0, 0, 0, 0, 0, 0, 0, 0, 0, 0, 0, 0, 0, 0, 0
0x33895B50cfBA682fbFfD3764bc06BF70a9b500CE, 500000000000000000000, 0, 0, 0, 0, 0, 0, 0, 0, 0, 0, 0, 0, 0, 0, 0, 0
0xC1040d869A2C11d4AA37fAf817072D01fe51Ac00, 1000000000000000000000, 0, 0, 0, 0, 0, 0, 0, 0, 0, 0, 0, 0, 0, 0, 0, 0
0xA6b196f13756A69129919Ad8a5553ebE5ae1D6A4, 1000000000000000000000, 0, 0, 0, 0, 0, 0, 0, 0, 0, 0, 0, 0, 0, 0, 0, 0
0x95cc81D4687e6eb68656780D9f642F28C6D659F9, 15196518359062970129, 0, 0, 0, 0, 0, 0, 0, 0, 0, 0, 0, 0, 0, 0, 0, 0
0x801d1e036f09D9C8f191131148Ac34453Aa1442b, 500000000000000000000, 0, 0, 0, 0, 0, 0, 0, 0, 0, 0, 0, 0, 0, 0, 0, 0
0xDC9D08ED8a7c249C2882c5766d71F78Ccb7A38eb, 500000000000000000000, 0, 0, 0, 0, 0, 0, 0, 0, 0, 0, 0, 0, 0, 0, 0, 0
0x4d8e7024d263d60545c9F48C385a13613aF87222, 241519125412079707912, 0, 0, 0, 0, 0, 0, 0, 0, 0, 0, 0, 0, 0, 0, 0, 0
0x5AE36fe8e0BDF498bECf815F94aDe76513616982, 7500000000000000000000, 0, 0, 0, 0, 0, 0, 0, 0, 0, 0, 0, 0, 0, 0, 0, 0
0x43891Af45Fe548e150f6fC53eb2151db3C692D1D, 1000000000000000000000, 0, 0, 0, 0, 0, 0, 0, 0, 0, 0, 0, 0, 0, 0, 0, 0
0x3901d8C25BD4CFa27eDA6Df3271e3ce068f4b49A, 7500000000000000000000, 0, 0, 0, 0, 0, 0, 0, 0, 0, 0, 0, 0, 0, 0, 0, 0
0x1EA85C7aE953a90c2cFC80932Bcf0025bc26F8B9, 2500000000000000000000, 0, 0, 0, 0, 0, 0, 0, 0, 0, 0, 0, 0, 0, 0, 0, 0
0x6DC333d612C351427c21e0818FAa13d1A518E837, 94519461245544596014, 0, 0, 0, 0, 0, 0, 0, 0, 0, 0, 0, 0, 0, 0, 0, 0
0x59D666C67D93D0Fe6435B40b6a05526C099F3f07, 7500000000000000000000, 0, 0, 0, 0, 0, 0, 0, 0, 0, 0, 0, 0, 0, 0, 0, 0
0x01328CA156D14e57a0B6873248a1d4De24Ce8432, 7500000000000000000000, 0, 0, 0, 0, 0, 0, 0, 0, 0, 0, 0, 0, 0, 0, 0, 0
0x7A34849a1f90aF7e38C561f32d1DFF6e5ED2F01e, 500000000000000000000, 0, 0, 0, 0, 0, 0, 0, 0, 0, 0, 0, 0, 0, 0, 0, 0
0xfB273E8f580ca75DB670942a9B61317Ae0Aa5E6E, 1000000000000000000000, 0, 0, 0, 0, 0, 0, 0, 0, 0, 0, 0, 0, 0, 0, 0, 0
0x69bc0c86837e4a76715ECD3d001a1EF396A39c83, 500000000000000000000, 0, 0, 0, 0, 0, 0, 0, 0, 0, 0, 0, 0, 0, 0, 0, 0
0xed374e0CDeDC6CFf67ac4A168dC3a9ca2b527e80, 500000000000000000000, 0, 0, 0, 0, 0, 0, 0, 0, 0, 0, 0, 0, 0, 0, 0, 0
0xA80f78d11e365CF6f4f8196B57Ed31317FD344df, 1000000000000000000000, 0, 0, 0, 0, 0, 0, 0, 0, 0, 0, 0, 0, 0, 0, 0, 0
0xB7d77591433A037B17b8d80f268b493F98Aaf562, 500000000000000000000, 0, 0, 0, 0, 0, 0, 0, 0, 0, 0, 0, 0, 0, 0, 0, 0
0x6356C8bf333F988A029335a63ad6d6AD96fA9de4, 2500000000000000000000, 0, 0, 0, 0, 0, 0, 0, 0, 0, 0, 0, 0, 0, 0, 0, 0
0xFcf084735543c7384c3a68222eA27766C9b00F49, 0, 0, 0, 0, 0, 0, 0, 0, 0, 0, 0, 0, 0, 0, 0, 0, 0
0x508625255C338832783Bfa0Ae00eB67B0784Ab53, 7500000000000000000000, 0, 0, 0, 0, 0, 0, 0, 0, 0, 0, 0, 0, 0, 0, 0, 0
0x6950daF533A32E454F438b9cF1A71BD80aa27832, 500000000000000000000, 0, 0, 0, 0, 0, 0, 0, 0, 0, 0, 0, 0, 0, 0, 0, 0
0x705c2EdbD68EcD031B0f1D4C4a168e36d8E9e2Bd, 2500000000000000000000, 0, 0, 0, 0, 0, 0, 0, 0, 0, 0, 0, 0, 0, 0, 0, 0
0x4bE1f747caB6171Ec26d374175DEf8825af47b74, 1000000000000000000000, 0, 0, 0, 0, 0, 0, 0, 0, 0, 0, 0, 0, 0, 0, 0, 0
0x0349bD269251e90F5722bf3278A34cfA16b3323D, 0, 0, 0, 0, 0, 0, 0, 0, 0, 0, 0, 0, 0, 0, 0, 0, 0
0xceD7D0A304Eef8f67c5291f6Bb68f435dAec27c1, 1000000000000000000000, 0, 0, 0, 0, 0, 0, 0, 0, 0, 0, 0, 0, 0, 0, 0, 0
0xFf925EdF410D67aE373991E680e60ff2Af5fcc23, 894590299474492785, 0, 0, 0, 0, 0, 0, 0, 0, 0, 0, 0, 0, 0, 0, 0, 0
0x65F33042064f44CBBA78ECca6D3AD4B5a1BA8db2, 1000000000000000000000, 0, 0, 0, 0, 0, 0, 0, 0, 0, 0, 0, 0, 0, 0, 0, 0
0x49E69C983fee207a189A5495119bAEdf6c8c2D58, 2500000000000000000000, 0, 0, 0, 0, 0, 0, 0, 0, 0, 0, 0, 0, 0, 0, 0, 0
0x5dDdD2E1C6B02E99EB1779695636B287c07c60C6, 500000000000000000000, 0, 0, 0, 0, 0, 0, 0, 0, 0, 0, 0, 0, 0, 0, 0, 0
0xb142018090ff1A970df5F55FC6194b250b07D67b, 1000000000000000000000, 0, 0, 0, 0, 0, 0, 0, 0, 0, 0, 0, 0, 0, 0, 0, 0
0x1d54fe11448E135B3e8C79e090515263a683d496, 1000000000000000000000, 0, 0, 0, 0, 0, 0, 0, 0, 0, 0, 0, 0, 0, 0, 0, 0
0x07ff704e4A078F3441bbB77a4b341481b4CF81Bb, 0, 0, 0, 0, 0, 0, 0, 0, 0, 0, 0, 0, 0, 0, 0, 0, 0
0xd77BE8f591C927115C6a800e0f0244b650926e0b, 2500000000000000000000, 0, 0, 0, 0, 0, 0, 0, 0, 0, 0, 0, 0, 0, 0, 0, 0
0xa0EAf298a74937026B624D7FB1ed9C9CdE5F789D, 501031450486669487938, 0, 0, 0, 0, 0, 0, 0, 0, 0, 0, 0, 0, 0, 0, 0, 0
0x3a2039753dFa83a1aEC6c57dE203da986DB687f6, 100200000000000000000, 0, 0, 0, 0, 0, 0, 0, 0, 0, 0, 0, 0, 0, 0, 0, 0
0x16d62304EDC10a5109Ba2Ba32Da1eFf29B774fdB, 2500000000000000000000, 0, 0, 0, 0, 0, 0, 0, 0, 0, 0, 0, 0, 0, 0, 0, 0
0x919692619CC73cDa3805a16Cc17574Eb0E9e6E70, 500000000000000000000, 0, 0, 0, 0, 0, 0, 0, 0, 0, 0, 0, 0, 0, 0, 0, 0
0x1B68f7Eb6f0a5B8a0BB41E1a1546589FC086fc58, 500000000000000000000, 0, 0, 0, 0, 0, 0, 0, 0, 0, 0, 0, 0, 0, 0, 0, 0
0xE56b0A46842A931D6Affe424e69D8D735207f9a4, 1000000000000000000000, 0, 0, 0, 0, 0, 0, 0, 0, 0, 0, 0, 0, 0, 0, 0, 0
0x2D11100C3074d8B47AF23B35336ef7585Ca3FDeA, 1000000000000000000000, 0, 0, 0, 0, 0, 0, 0, 0, 0, 0, 0, 0, 0, 0, 0, 0
0xD3FB5D2cae378c4EE3F26cAFC784879453cd80Aa, 1011510394736842105263, 0, 0, 0, 0, 0, 0, 0, 0, 0, 0, 0, 0, 0, 0, 0, 0
0xE01824e0CF52ece28A0479434220eDA77114Ce16, 50000000000000000000, 0, 0, 0, 0, 0, 0, 0, 0, 0, 0, 0, 0, 0, 0, 0, 0
0x082f33cF8EeA971107607646E6C6e5301C77Ad1D, 73229273521087521809, 0, 0, 0, 0, 0, 0, 0, 0, 0, 0, 0, 0, 0, 0, 0, 0
0x8bf119BF731e5E6Bc1f15F3f7222089c582FA178, 500000000000000000000, 0, 0, 0, 0, 0, 0, 0, 0, 0, 0, 0, 0, 0, 0, 0, 0
0x44AFF9e7d95078eDA17091B25D5e6AEF2751DeCd, 100320947113226293906, 0, 0, 0, 0, 0, 0, 0, 0, 0, 0, 0, 0, 0, 0, 0, 0
0xE08D880b8a1f30d8423b57cBd94FE35b435ee43E, 0, 0, 0, 0, 0, 0, 0, 0, 0, 0, 0, 0, 0, 0, 0, 0, 0
0x5Ef435a6eC8C1146D8a9537667Ab19E1eA4Ae062, 1000000000000000000000, 0, 0, 0, 0, 0, 0, 0, 0, 0, 0, 0, 0, 0, 0, 0, 0
0xaAD3C2EB59Cf79faB2e136922e1DC27bF1b24f63, 7500000000000000000000, 0, 0, 0, 0, 0, 0, 0, 0, 0, 0, 0, 0, 0, 0, 0, 0
0x8E251Ea2A26b9B3f8a765f5D7E0a4ced53661450, 2500000000000000000000, 0, 0, 0, 0, 0, 0, 0, 0, 0, 0, 0, 0, 0, 0, 0, 0
0x1c116e1A1E6DB1789E9b2DC638ee4a612597EE25, 1000000000000000000000, 0, 0, 0, 0, 0, 0, 0, 0, 0, 0, 0, 0, 0, 0, 0, 0
0x97FF5E1dCaebaa047A94C2659Eb421Bb1b5742b0, 500000000000000000000, 0, 0, 0, 0, 0, 0, 0, 0, 0, 0, 0, 0, 0, 0, 0, 0
0x79Cf2d0ccbd983e5086589Bfa3f1af967E1f8871, 500000000000000000000, 0, 0, 0, 0, 0, 0, 0, 0, 0, 0, 0, 0, 0, 0, 0, 0
0x8f46657789a1Ed9A7A6419c51D8c7cE8c46f6286, 1000000000000000000000, 0, 0, 0, 0, 0, 0, 0, 0, 0, 0, 0, 0, 0, 0, 0, 0
0x80cD6B89c689d2CcCeF6631095D49EC0926CA3f1, 500000000000000000000, 0, 0, 0, 0, 0, 0, 0, 0, 0, 0, 0, 0, 0, 0, 0, 0
0x3951465D0Dc1DBeC7FE10f9bBB5f11c12468d390, 0, 0, 0, 0, 0, 0, 0, 0, 0, 0, 0, 0, 0, 0, 0, 0, 0
0x0bFC4CF212029FE570012F7E24fD53Fa270b5b57, 195351799804453815568, 0, 0, 0, 0, 0, 0, 0, 0, 0, 0, 0, 0, 0, 0, 0, 0
0x9516cfAD6C45c2F2b93b7c0F7B05297E24215A2E, 1670628598290434542, 0, 0, 0, 0, 0, 0, 0, 0, 0, 0, 0, 0, 0, 0, 0, 0
0x823848a1EbAbdcF00f5A88a501c8F2f2931211Ab, 505899946043165467625, 0, 0, 0, 0, 0, 0, 0, 0, 0, 0, 0, 0, 0, 0, 0, 0
0x385f66dC94A796E1df13713b19BCD8EF68de9f60, 1000000000000000000000, 0, 0, 0, 0, 0, 0, 0, 0, 0, 0, 0, 0, 0, 0, 0, 0
0x7B096C61cBED145bae47F5DD238DB8D11455597C, 7500000000000000000000, 0, 0, 0, 0, 0, 0, 0, 0, 0, 0, 0, 0, 0, 0, 0, 0
0x0E6884f43215171D2977DA2AFe1c1514B5e28F1F, 500000000000000000000, 0, 0, 0, 0, 0, 0, 0, 0, 0, 0, 0, 0, 0, 0, 0, 0
0x00449BA0eD43454c4Ca58f897599FE27816776Ea, 500000000000000000000, 0, 0, 0, 0, 0, 0, 0, 0, 0, 0, 0, 0, 0, 0, 0, 0
0x2dd621eE7451C3126d8d6cC66336E0DDD2466742, 1011510394736842105263, 0, 0, 0, 0, 0, 0, 0, 0, 0, 0, 0, 0, 0, 0, 0, 0
0xdeC5a2d0BFb02345238c908bC329004E3FD49C04, 0, 0, 0, 0, 0, 0, 0, 0, 0, 0, 0, 0, 0, 0, 0, 0, 0
0xcca03a4aF3E420d476D56E1089e6C6C6C31561a2, 500000000000000000000, 0, 0, 0, 0, 0, 0, 0, 0, 0, 0, 0, 0, 0, 0, 0, 0
0x69DFCfACeA0DD3dFFF840b0Af8F2aF2f136E2751, 500000000000000000000, 0, 0, 0, 0, 0, 0, 0, 0, 0, 0, 0, 0, 0, 0, 0, 0
0xa48eaa98D469584BeFa0704f476c759E2a232b31, 500000000000000000000, 0, 0, 0, 0, 0, 0, 0, 0, 0, 0, 0, 0, 0, 0, 0, 0
0xEe38af4B01b5288863002B1EDce3FdF02f142121, 2636507225126012238629, 0, 0, 0, 0, 0, 0, 0, 0, 0, 0, 0, 0, 0, 0, 0, 0
0x0F0cbC6B88e4f734926E95d3b6BAf19b0e3cc63A, 345202662537325870, 0, 0, 0, 0, 0, 0, 0, 0, 0, 0, 0, 0, 0, 0, 0, 0
0xd11917a0979cDDAB84c1DCa5222e933291EbC04a, 500000000000000000000, 0, 0, 0, 0, 0, 0, 0, 0, 0, 0, 0, 0, 0, 0, 0, 0
0x2eAaae93FB8fF433695c86E949387ae3ef6361b7, 1020050483625730994151, 0, 0, 0, 0, 0, 0, 0, 0, 0, 0, 0, 0, 0, 0, 0, 0
0x6D1540F599485A6bd13215cc93A71f95Fa61de34, 1000000000000000000000, 0, 0, 0, 0, 0, 0, 0, 0, 0, 0, 0, 0, 0, 0, 0, 0
0x93c3250f8BB7C887a6B86f1b18d0ac39740f2ff3, 1000000000000000000000, 0, 0, 0, 0, 0, 0, 0, 0, 0, 0, 0, 0, 0, 0, 0, 0
0xFb7EbF1F637DeE15a1457fbe1ccD6abA1F0C74cE, 1011510394736842105263, 0, 0, 0, 0, 0, 0, 0, 0, 0, 0, 0, 0, 0, 0, 0, 0
0x07Fb882182C9d2140c58bc9d72716FDcf76c3C6C, 500000000000000000000, 0, 0, 0, 0, 0, 0, 0, 0, 0, 0, 0, 0, 0, 0, 0, 0
0x4A62f020bA5DA4D91f75193F47F6074ceADC08DE, 0, 0, 0, 0, 0, 0, 0, 0, 0, 0, 0, 0, 0, 0, 0, 0, 0
0xF8A2864D37C37b36e1bdADE52C2E8A5a2b039861, 1000000000000000000000, 0, 0, 0, 0, 0, 0, 0, 0, 0, 0, 0, 0, 0, 0, 0, 0
0xA2B6bfb6316211a76819967e71C8232FF413FFB1, 19407686838275972789, 0, 0, 0, 0, 0, 0, 0, 0, 0, 0, 0, 0, 0, 0, 0, 0
0xaA0C0dBeD3607292Fa63d4cB23b94054C87e7050, 1000000000000000000000, 0, 0, 0, 0, 0, 0, 0, 0, 0, 0, 0, 0, 0, 0, 0, 0
0x8cd688Cfe6edbc526193Cf4Ca3890D65d52029Ab, 2500000000000000000000, 0, 0, 0, 0, 0, 0, 0, 0, 0, 0, 0, 0, 0, 0, 0, 0
0x5f1539E1093D86a48D68E20bdc21DF59A15c1705, 3226000000000000000, 0, 0, 0, 0, 0, 0, 0, 0, 0, 0, 0, 0, 0, 0, 0, 0
0x80E57612BAadeB0EA002B0669e707df4757d48a0, 1000000000000000000000, 0, 0, 0, 0, 0, 0, 0, 0, 0, 0, 0, 0, 0, 0, 0, 0
0x35Ab24DA115db3c457C7bcbf86ce0D7fC2aD3322, 1000000000000000000000, 0, 0, 0, 0, 0, 0, 0, 0, 0, 0, 0, 0, 0, 0, 0, 0
0xA6cC6E715155784B058bF0e0b8C9f619Fe31f8F4, 1000000000000000000000, 0, 0, 0, 0, 0, 0, 0, 0, 0, 0, 0, 0, 0, 0, 0, 0
0x7235f0D17E01Be9D4EE3E1A0F602aD8675180695, 160291447902607785505, 0, 0, 0, 0, 0, 0, 0, 0, 0, 0, 0, 0, 0, 79000, 0, 0
0x90aa1DEaFe3b765EE757557dbC1cB8dFE4146283, 500000000000000000000, 0, 0, 0, 0, 0, 0, 0, 0, 0, 0, 0, 0, 0, 0, 0, 0
0xB992Ed843eCFB588E604579A91223E814B5b2F04, 500000000000000000000, 0, 0, 0, 0, 0, 0, 0, 0, 0, 0, 0, 0, 0, 0, 0, 0
0x88DE5aeBfc78b6140724a6173588B6D857fF64a6, 500000000000000000000, 0, 0, 0, 0, 0, 0, 0, 0, 0, 0, 0, 0, 0, 0, 0, 0
0x93725434953B0E8BF83a36561D6bB3C4C36e60c4, 0, 0, 0, 0, 0, 0, 0, 0, 0, 0, 0, 0, 0, 0, 0, 0, 0
0xf897c2671A31D5fE2e1597d9A109FA8F9DFaf1cd, 505899946043165467625, 0, 0, 0, 0, 0, 0, 0, 0, 0, 0, 0, 0, 0, 0, 0, 0
0xBb7bb846B3e43eF4e960Ab53fb0E107A1dff1127, 3545858389442544752, 0, 0, 0, 0, 0, 0, 0, 0, 0, 0, 0, 0, 0, 0, 0, 0
0xf0E0d3B4385B4DC788Eee265BC3b6f4123eB3C0E, 1000000000000000000000, 0, 0, 0, 0, 0, 0, 0, 0, 0, 0, 0, 0, 0, 0, 0, 0
0x0b7eC7650a0870Bb1d37252384C02C1379Ed9D76, 1000000000000000000000, 0, 0, 0, 0, 0, 0, 0, 0, 0, 0, 0, 0, 0, 0, 0, 0
0x000742928105219984b176855548543E04F93e76, 500000000000000000000, 0, 0, 0, 0, 0, 0, 0, 0, 0, 0, 0, 0, 0, 0, 0, 0
0x0a1419A11061508e90fB2646AaF8E3D4E1f88b3e, 2500000000000000000000, 0, 0, 0, 0, 0, 0, 0, 0, 0, 0, 0, 0, 0, 0, 0, 0
0xD4a1Df06c6F99ACB3db94Cb9c93879F8A2b0Cb4B, 500000000000000000000, 0, 0, 0, 0, 0, 0, 0, 0, 0, 0, 0, 0, 0, 0, 0, 0
0xa9Bf470485521737f44ff149426486385B15ed2b, 68949038872570497665, 0, 0, 0, 0, 0, 0, 0, 0, 0, 0, 0, 0, 0, 0, 0, 0
0xa28B5F381A434607eF1882DfAFBC1121ff0F5f87, 1000000000000000000000, 0, 0, 0, 0, 0, 0, 0, 0, 0, 0, 0, 0, 0, 0, 0, 0
0xc2f9526A1629cd3B1eE322C2F85E07e2AF65719e, 12084635278300295069, 0, 0, 0, 0, 0, 0, 0, 0, 0, 0, 0, 0, 0, 0, 0, 0
0x87f6B606ED9789F26205FE1D0FD145712784560C, 500000000000000000000, 0, 0, 0, 0, 0, 0, 0, 0, 0, 0, 0, 0, 0, 0, 0, 0
0x62ba079D932C2bD6b5cdE3564d5292fdFCbc6dFE, 500000000000000000000, 0, 0, 0, 0, 0, 0, 0, 0, 0, 0, 0, 0, 0, 0, 0, 0
0x73cF2Ab9f14fCD559C2F8Dc40A6425D29e691215, 1000000000000000000000, 0, 0, 0, 0, 0, 0, 0, 0, 0, 0, 0, 0, 0, 0, 0, 0
0x1d3EBd0DD22BFad67CA89C048fcA82915F488f47, 2500000000000000000000, 0, 0, 0, 0, 0, 0, 0, 0, 0, 0, 0, 0, 0, 0, 0, 0
0xF3D27262fADfE6705b82E2510Ec3570c94509A00, 500000000000000000000, 0, 0, 0, 0, 0, 0, 0, 0, 0, 0, 0, 0, 0, 0, 0, 0
0x50793B4f785deb97CEB33b20BD6F24183535752E, 500000000000000000000, 0, 0, 0, 0, 0, 0, 0, 0, 0, 0, 0, 0, 0, 0, 0, 0
0xd40e6E28D3a24e866c123060F2BDcf8E6E1d1c28, 7500000000000000000000, 0, 0, 0, 0, 0, 0, 0, 0, 0, 0, 0, 0, 0, 0, 0, 0
0x773AD08effFf593D9de8B5713bc87cd8C190b04F, 500000000000000000000, 0, 0, 0, 0, 0, 0, 0, 0, 0, 0, 0, 0, 0, 0, 0, 0
0xD641C2e7baae77d6583E9B7b0d0478D57ED245c7, 1000000000000000000000, 0, 0, 0, 0, 0, 0, 0, 0, 0, 0, 0, 0, 0, 0, 0, 0
0xB1bf1c875Bf1720ae5c58CCc62cd759b6c9798C3, 1020050483625730994151, 0, 0, 0, 0, 0, 0, 0, 0, 0, 0, 0, 0, 0, 0, 0, 0
0xd421F6919BdBe182F28884Fb8fAB099377893caa, 502313482469965716623, 0, 0, 0, 0, 0, 0, 0, 0, 0, 0, 0, 0, 0, 0, 0, 0
0x0d7293862A8B1ec160A547CB0822186167a007b0, 1000000000000000000000, 0, 0, 0, 0, 0, 0, 0, 0, 0, 0, 0, 0, 0, 0, 0, 0
0x2f5ff8318830B8ad1265293D641671Dfd212469E, 518339671462948928113, 0, 0, 0, 0, 0, 0, 0, 0, 0, 0, 0, 0, 0, 0, 0, 0
0x2D86aEC61c4aCE2519E8efAF748601E2139EA93e, 49, 0, 0, 0, 0, 0, 0, 0, 0, 0, 0, 0, 0, 0, 19900000000000, 0, 0
0x642E98Ff243302aBA3e459e5BA125C6e6B062978, 0, 0, 0, 0, 0, 0, 0, 0, 0, 0, 0, 0, 0, 0, 0, 0, 0
0x5494690eda22fF3E74Dd0b8bD68a5A4E87E068d6, 0, 0, 0, 0, 0, 0, 0, 0, 0, 0, 0, 0, 0, 0, 0, 0, 0
0x1E2DD11657650C956849ca60e8D853E1f477A3D2, 59170079739530043601, 0, 0, 0, 0, 0, 0, 0, 0, 0, 0, 0, 0, 0, 0, 0, 0
0xb9724A783ecaFA3DE255962B8C1f35a4923B37f5, 2505579155577562080, 0, 0, 0, 0, 0, 0, 0, 0, 0, 0, 0, 0, 0, 0, 0, 0
0x3375b9576823E0af6Ca1D8BEEA8d09E01eCfb9D2, 502147758940553951918, 0, 0, 0, 0, 0, 0, 0, 0, 0, 0, 0, 0, 0, 0, 0, 0
0x61e9991020c29772862C04987be04A2885524a5E, 4635183480345565355, 0, 0, 0, 0, 0, 0, 0, 0, 0, 0, 0, 0, 0, 0, 0, 0
0xDdB20b82e301Ce7F83Ce3861aaD8001Aa6f10731, 500000000000000000000, 0, 0, 0, 0, 0, 0, 0, 0, 0, 0, 0, 0, 0, 0, 0, 0
0xc1F9bDF8B364606798Ac6986Aa4609539e776eA1, 4663401957385223349, 0, 0, 0, 0, 0, 0, 0, 0, 0, 0, 0, 0, 0, 0, 0, 0
0x26F3A0CBA52f52C0D3e72C5529a80E23D8e88007, 500000000000000000000, 0, 0, 0, 0, 0, 0, 0, 0, 0, 0, 0, 0, 0, 0, 0, 0
0xf9BF451b1F2F43b6c023c6DfB7f3b30455F1Af09, 500000000000000000000, 0, 0, 0, 0, 0, 0, 0, 0, 0, 0, 0, 0, 0, 0, 0, 0
0xc6C7fadDD08e2AA125Cd3dDE6B8A0a3e2a947579, 500000000000000000000, 0, 0, 0, 0, 0, 0, 0, 0, 0, 0, 0, 0, 0, 0, 0, 0
0xf5F07a27aa48E2053e16a378BBa60496f96598b0, 7500000000000000000000, 0, 0, 0, 0, 0, 0, 0, 0, 0, 0, 0, 0, 0, 0, 0, 0
0xd0C9498236CF53158C6C8bE7D8Ac59223BF8C457, 1000000000000000000000, 0, 0, 0, 0, 0, 0, 0, 0, 0, 0, 0, 0, 0, 0, 0, 0
0x0941E02F5E6E53B86b0eaD0EEC3A8925351Fd51b, 28806, 0, 0, 0, 0, 0, 0, 0, 0, 0, 0, 0, 0, 0, 0, 0, 0
0x35cf54CB7BB7D9019C5629113Bc566aeF72e0335, 1000000000000000000000, 0, 0, 0, 0, 0, 0, 0, 0, 0, 0, 0, 0, 0, 0, 0, 0
0x7741E20b73748F0D701e3a843cC48158ed34C5eE, 500000000000000000000, 0, 0, 0, 0, 0, 0, 0, 0, 0, 0, 0, 0, 0, 0, 0, 0
0x5cE2C2e196Ef339830939dd7daF46d3f8D7804A6, 510314504866694879389, 0, 0, 0, 0, 0, 0, 0, 0, 0, 0, 0, 0, 0, 0, 0, 0
0x017BD98005BfBAAA6BD37a85EB071Cf29403CeB2, 514753635973003074261, 0, 0, 0, 0, 0, 0, 0, 0, 0, 0, 0, 0, 0, 0, 0, 0
0x7f54C2470E97b2A22B455c018d8D121D0a4FfD5f, 500000000000000000000, 0, 0, 0, 0, 0, 0, 0, 0, 0, 0, 0, 0, 0, 0, 0, 0
0xEAe23840F16736e8eCFeF6DBB0C97eC30d70Aa86, 7500000000000000000000, 0, 0, 0, 0, 0, 0, 0, 0, 0, 0, 0, 0, 0, 0, 0, 0
0x88281d88C21D091Fb2FB280443B019e97Ca5298C, 0, 0, 0, 0, 0, 0, 0, 0, 0, 0, 0, 0, 0, 0, 0, 0, 0
0x57572936CcADa4Bd4f2b34Bc33946791cebeb994, 2940784426690281565794, 0, 0, 0, 0, 0, 0, 0, 0, 0, 0, 0, 0, 0, 0, 0, 0
0xDbA9b77Da4f1EC61170974E888220e6Ca13154F7, 0, 0, 0, 0, 0, 0, 0, 0, 0, 0, 0, 0, 0, 0, 0, 0, 0
0x612750D0fe2e9D4773cFF4DE1372B1e1B797904A, 7500000000000000000000, 0, 0, 0, 0, 0, 0, 0, 0, 0, 0, 0, 0, 0, 0, 0, 0
0xd1ed93F2B52b39BE57ee61446D1Ec9199064c217, 304477201564269327165, 0, 0, 0, 0, 0, 0, 0, 0, 0, 0, 0, 0, 0, 0, 0, 0
0x4cB1665551E627AF53b349B87c700897D5a4a12C, 500000000000000000000, 0, 0, 0, 0, 0, 0, 0, 0, 0, 0, 0, 0, 0, 0, 0, 0
0x5Dda21b51307a1320dB85b1595FD9FD986f91587, 0, 0, 0, 0, 0, 0, 0, 0, 0, 0, 0, 0, 0, 0, 0, 0, 0
0x640f9DCc9aE7C1da5441a850497CDFEc38024c1f, 24766617999958080314, 0, 0, 0, 0, 0, 0, 0, 0, 0, 0, 0, 0, 0, 0, 0, 0
0x26f57bA40a4e4aD76F15e387e246D5b4df829570, 1000000000000000000000, 0, 0, 0, 0, 0, 0, 0, 0, 0, 0, 0, 0, 0, 0, 0, 0
0x90f366d4b684e695e01d969230D82d5342f271a7, 500000000000000000000, 0, 0, 0, 0, 0, 0, 0, 0, 0, 0, 0, 0, 0, 0, 0, 0
0xf3012E66884c5e9F9AE4e3A885933Cd65cBdf9f0, 0, 0, 0, 0, 0, 0, 0, 0, 0, 0, 0, 0, 0, 0, 0, 0, 0
0x8cefD4F6fe817e762448642f8d389cE92EA7B8eD, 2500000000000000000000, 0, 0, 0, 0, 0, 0, 0, 0, 0, 0, 0, 0, 0, 0, 0, 0
0x47Ee1E8cFD8CfA557938bF82c8814013f47489f5, 7500000000000000000000, 0, 0, 0, 0, 0, 0, 0, 0, 0, 0, 0, 0, 0, 0, 0, 0
0xb73eA9231a8bdd74202c9f5125c4214A8E69FfcE, 0, 0, 0, 0, 0, 0, 0, 0, 0, 0, 0, 0, 0, 0, 0, 0, 0
0x366E7a2997e6ed066F93cD72b6040223176694a7, 1000000000000000000000, 0, 0, 0, 0, 0, 0, 0, 0, 0, 0, 0, 0, 0, 0, 0, 0
0x7b9d1B6d8030b4074B3fF3e82Db2c5CD0fd95A3c, 500000000000000000000, 0, 0, 0, 0, 0, 0, 0, 0, 0, 0, 0, 0, 0, 0, 0, 0
0x21a45bd1967F3696E9f78c7fD9C510Fd564b3E99, 1000000000000000000000, 0, 0, 0, 0, 0, 0, 0, 0, 0, 0, 0, 0, 0, 0, 0, 0
0xe21a15d5aF681108B0E4c6930dE66C4c131C5e92, 500000000000000000000, 0, 0, 0, 0, 0, 0, 0, 0, 0, 0, 0, 0, 0, 0, 0, 0
0xC3652a55B720A5c817Bd7D8fA5ddE2F969B30c9F, 1000000000000000000000, 0, 0, 0, 0, 0, 0, 0, 0, 0, 0, 0, 0, 0, 0, 0, 0
0x3d87a01b74fea7D94bEd471b9Ae36E7865F928f4, 510314504866694879389, 0, 0, 0, 0, 0, 0, 0, 0, 0, 0, 0, 0, 0, 0, 0, 0
0x49e6A197c783A2089FF93179a9bb53048C0Bc794, 0, 0, 0, 0, 0, 0, 0, 0, 0, 0, 0, 0, 0, 0, 0, 0, 0
0x24BE5B0d51c60609D71f96cc72a1F7F972E4cD5e, 500000000000000000000, 0, 0, 0, 0, 0, 0, 0, 0, 0, 0, 0, 0, 0, 0, 0, 0
0x902e702D4484a45EeDAEAF75Cd6850965Fb7aA63, 6454000000000000000, 0, 0, 0, 0, 0, 0, 0, 0, 0, 0, 0, 0, 0, 0, 0, 0
0x5C58BdC33D91A611f160820d9aBC18FcD9E726f5, 7500000000000000000000, 0, 0, 0, 0, 0, 0, 0, 0, 0, 0, 0, 0, 0, 0, 0, 0
0x51081bD5171c4391CbA4C325B274eF7A0d716cc4, 500000000000000000000, 0, 0, 0, 0, 0, 0, 0, 0, 0, 0, 0, 0, 0, 0, 0, 0
0xA66A96DAeD123a12D1C855Ab96452Fa7411C8C1b, 1000000000000000000000, 0, 0, 0, 0, 0, 0, 0, 0, 0, 0, 0, 0, 0, 0, 0, 0
0x59AE2B692500366BC9ed95493f747B78ABd4cf04, 155000000000000000000, 0, 0, 0, 0, 0, 0, 0, 0, 0, 0, 0, 0, 0, 0, 0, 0
0x9F5BdE0425216Bf1750900CD2965d659B5b9cE49, 500000000000000000000, 0, 0, 0, 0, 0, 0, 0, 0, 0, 0, 0, 0, 0, 0, 0, 0
0xeFc48eC115C1e8B79767da36387431e4430022d7, 500000000000000000000, 0, 0, 0, 0, 0, 0, 0, 0, 0, 0, 0, 0, 0, 0, 0, 0
0x30dD56231a51FEc6f53c699C8756ec6f5Ade2436, 1000000000000000000000, 0, 0, 0, 0, 0, 0, 0, 0, 0, 0, 0, 0, 0, 0, 0, 0
0xC3dd00494b8FBA0126B3b42b6965515865B0c6fc, 1000000000000000000000, 0, 0, 0, 0, 0, 0, 0, 0, 0, 0, 0, 0, 0, 0, 0, 0
0x8762F4d63419b4E68b14e75fFf754c51C63Effe3, 1000000000000000000000, 0, 0, 0, 0, 0, 0, 0, 0, 0, 0, 0, 0, 0, 0, 0, 0
0x54E165E298eB4cbDA02ac5793c69e95111734Fce, 1000000000000000000000, 0, 0, 0, 0, 0, 0, 0, 0, 0, 0, 0, 0, 0, 0, 0, 0
0x6C3962296745542897F2e7e85CB69B8662109e62, 1000000000000000000000, 0, 0, 0, 0, 0, 0, 0, 0, 0, 0, 0, 0, 0, 0, 0, 0
0x718aF37ec9b315519af491e85Dd7C109F84294a9, 1000000000000000000000, 0, 0, 0, 0, 0, 0, 0, 0, 0, 0, 0, 0, 0, 0, 0, 0
0xce9a291501f36d2d9c21B93EdBB05e7E848F0672, 0, 0, 0, 0, 0, 0, 0, 0, 0, 0, 0, 0, 0, 0, 0, 0, 0
0xfBAd2d72B99cd7BF8855b87DDC93dD28bafB6f00, 500000000000000000000, 0, 0, 0, 0, 0, 0, 0, 0, 0, 0, 0, 0, 0, 0, 0, 0
0xd6f83e2A310b94462aCdb48F412d90a8E37cFb26, 1000000000000000000000, 0, 0, 0, 0, 0, 0, 0, 0, 0, 0, 0, 0, 0, 0, 0, 0
0xf44851e52436747CDa61d922ecfabBFfb35e363C, 153744936455765565632, 0, 0, 0, 0, 0, 0, 0, 0, 0, 0, 0, 0, 0, 0, 0, 0
0xf190bA1469f977d3997c6B2CCB247bDa66bFb809, 500000000000000000000, 0, 0, 0, 0, 0, 0, 0, 0, 0, 0, 0, 0, 0, 0, 0, 0
0x363ED36c93Bd62d4883Dc1Fe778FF1f2Bc3B5d8D, 1000000000000000000000, 0, 0, 0, 0, 0, 0, 0, 0, 0, 0, 0, 0, 0, 0, 0, 0
0x50282034E852d8888C1Ee37D12e807Da016b64A8, 1000000000000000000000, 0, 0, 0, 0, 0, 0, 0, 0, 0, 0, 0, 0, 0, 0, 0, 0
0xf5617214A201cba384D34E12E446f4060D7f2542, 1000000000000000000000, 0, 0, 0, 0, 0, 0, 0, 0, 0, 0, 0, 0, 0, 0, 0, 0
0x186528d12C37aBEe551484Fb0d0E5A00b0c9415D, 505899946043165467625, 0, 0, 0, 0, 0, 0, 0, 0, 0, 0, 0, 0, 0, 0, 0, 0
0xBBf4982a08E79f64ED303bc037d17418195e4B0E, 11822944618007471327, 0, 0, 0, 0, 0, 0, 0, 0, 0, 0, 0, 0, 0, 0, 0, 0
0xC30f5F3c87D3EFe6Dd3eCe24d60EC03D23bCae12, 1000000000000000000000, 0, 0, 0, 0, 0, 0, 0, 0, 0, 0, 0, 0, 0, 0, 0, 0
0x8d189820ebdA560Beef6C4aec40486EDa6F1c306, 7500000000000000000000, 0, 0, 0, 0, 0, 0, 0, 0, 0, 0, 0, 0, 0, 0, 0, 0
0x5A7f8af888Bd7b6CB3f9f075E7f9C0F78494611D, 501769983812949640287, 0, 0, 0, 0, 0, 0, 0, 0, 0, 0, 0, 0, 0, 0, 0, 0
0x3F0648c079d729852160C14e176b5FFaFBAF4511, 500000000000000000000, 0, 0, 0, 0, 0, 0, 0, 0, 0, 0, 0, 0, 0, 0, 0, 0
0xfb94aCCA76c3CF11A0D74d07aEe30477B078A4DD, 445661426690281565794, 0, 0, 0, 0, 0, 0, 0, 0, 0, 0, 0, 0, 0, 0, 0, 0
0x64DD9cBd055ADeC76151Ad133B6b46d30F7ADFf5, 0, 0, 0, 0, 0, 0, 0, 0, 0, 0, 0, 0, 0, 0, 0, 0, 0
0xb2acc07cF5Da346a3EE627682832492E16b93f7b, 0, 0, 0, 0, 0, 0, 0, 0, 0, 0, 0, 0, 0, 0, 0, 0, 0
0x8543266DEAF885095f2A9F0fB28CE543D0990357, 7500000000000000000000, 0, 0, 0, 0, 0, 0, 0, 0, 0, 0, 0, 0, 0, 0, 0, 0
0xbF255a32Dc216732985e8D35BB70438F59F0A6b7, 500000000000000000000, 0, 0, 0, 0, 0, 0, 0, 0, 0, 0, 0, 0, 0, 0, 0, 0
0x12646F991F8778bb2Cf4283adACA0C3FA1a40040, 26245344680199, 0, 0, 0, 0, 0, 0, 0, 0, 0, 0, 0, 0, 0, 0, 0, 0
0x36BC76ab856221Ad2B78bAc0F96E36B9B1AF7A52, 2500000000000000000000, 0, 0, 0, 0, 0, 0, 0, 0, 0, 0, 0, 0, 0, 0, 0, 0
0x464E6716a2017cACBd9D9674815855ed80201B73, 1000000000000000000000, 0, 0, 0, 0, 0, 0, 0, 0, 0, 0, 0, 0, 0, 0, 0, 0
0x2f0CddF428bca4CC2DB024C9bb93bf65561c747c, 1000000000000000000000, 0, 0, 0, 0, 0, 0, 0, 0, 0, 0, 0, 0, 0, 0, 0, 0
0x2b81421cFf902fC7D182740926FB299D0C475747, 505899946043165467625, 0, 0, 0, 0, 0, 0, 0, 0, 0, 0, 0, 0, 0, 0, 0, 0
0xDFc4a132A647cfA33E991F99ADB6845a84887Edf, 500000000000000000000, 0, 0, 0, 0, 0, 0, 0, 0, 0, 0, 0, 0, 0, 0, 0, 0
0xf371eE92AE18d8D9e8E05466212AeF3c64a6898f, 1000000000000000000000, 0, 0, 0, 0, 0, 0, 0, 0, 0, 0, 0, 0, 0, 0, 0, 0
0x8B08f08428e39E727c11C1318697205b355CadF4, 31432275421442841202, 0, 0, 0, 0, 0, 0, 0, 0, 0, 0, 0, 0, 0, 0, 0, 0
0x97619Cc5a465c90989D0C117102FE29b9c15616c, 0, 0, 0, 0, 0, 0, 0, 0, 0, 0, 0, 0, 0, 0, 0, 0, 0
0xa439c15522b9E5875CC7E52D9c46dD6C9D783167, 0, 0, 0, 0, 0, 0, 0, 0, 0, 0, 0, 0, 0, 0, 0, 0, 0
0xB503fFbB2eA2fA3047c88ac6107aC77bC7dBb046, 1000000000000000000000, 0, 0, 0, 0, 0, 0, 0, 0, 0, 0, 0, 0, 0, 0, 0, 0
0xb70822Cb2008EcB6890b74Fd8814B36267980E71, 7500000000000000000000, 0, 0, 0, 0, 0, 0, 0, 0, 0, 0, 0, 0, 0, 0, 0, 0
0x02f4D16BA9de961eb22684c56498Fdc1A8C46aF1, 0, 0, 0, 0, 0, 0, 0, 0, 0, 0, 0, 0, 0, 0, 0, 0, 0
0xCE8D758Ab2aA08b13Bd62754D06251E87c8FB850, 1000000000000000000000, 0, 0, 0, 0, 0, 0, 0, 0, 0, 0, 0, 0, 0, 0, 0, 0
0x85D9e235339568212326B5CE33522F8acd6f2EDa, 0, 0, 0, 0, 0, 0, 0, 0, 0, 0, 0, 0, 0, 0, 0, 0, 0
0xaDCF40615f49cF91dca2b8fa19c53206a6a827d3, 0, 0, 0, 0, 0, 0, 0, 0, 0, 0, 0, 0, 0, 0, 0, 0, 0
0x3e27E79CCB46b5955c36aec5D7911CBB96F637Ec, 97988129496402877, 0, 0, 0, 0, 0, 0, 0, 0, 0, 0, 0, 0, 0, 0, 0, 0
0xF73a9f6e475dE4160912495019bd079A557Bb70D, 500000000000000000000, 0, 0, 0, 0, 0, 0, 0, 0, 0, 0, 0, 0, 0, 0, 0, 0
0xa0CdB516Bd0c736eb0Fa4Ce7170bEfFb34895c4D, 2268594855744205542, 0, 0, 0, 0, 0, 0, 0, 0, 0, 0, 0, 0, 0, 0, 0, 0
0x961Aea36AE7bd5E1588CF58f9DA537E5FCe63551, 11394600715948071025, 0, 0, 0, 0, 0, 0, 0, 0, 0, 0, 0, 0, 0, 0, 0, 0
0x335A784D4af8225949750851708eB98d72113065, 61340290507776641361, 0, 0, 0, 0, 0, 0, 0, 0, 0, 0, 0, 0, 0, 0, 0, 0
0x5568BE191A97A265D6a0187C61B02143Ab9d58a2, 500000000000000000000, 0, 0, 0, 0, 0, 0, 0, 0, 0, 0, 0, 0, 0, 0, 0, 0
0x486771708977Bf125C19e7B4809d487914929955, 2500000000000000000000, 0, 0, 0, 0, 0, 0, 0, 0, 0, 0, 0, 0, 0, 0, 0, 0
0x518A42E292b5146A065ad9bCfdA3207Bb20Efc0C, 1000000000000000000000, 0, 0, 0, 0, 0, 0, 0, 0, 0, 0, 0, 0, 0, 0, 0, 0
0x00C9CbB30a75b9d9dbcadE3985BD9A2DA21C9970, 40463073147942754626, 0, 0, 0, 0, 0, 0, 0, 0, 0, 0, 0, 0, 0, 0, 0, 0
0xE2b2A52E2277389d72c41e2b9FD92cd92872cC68, 2500000000000000000000, 0, 0, 0, 0, 0, 0, 0, 0, 0, 0, 0, 0, 0, 0, 0, 0
0x4d28bBB2Cee1555772Ee555f23123bB65509e59c, 1000000000000000000000, 0, 0, 0, 0, 0, 0, 0, 0, 0, 0, 0, 0, 0, 0, 0, 0
0xF09244c78CD4B323512C7144609F7061a05CA1E5, 10000000000000000000, 0, 0, 0, 0, 0, 0, 0, 0, 0, 0, 0, 0, 0, 0, 0, 0
0xA93Ecef5E69ca9F2dD058a37a8519322a766df93, 13519194415850246417, 0, 0, 0, 0, 0, 0, 0, 0, 0, 0, 0, 0, 0, 0, 0, 0
0x4ecB1E82bfBfd072296e4F45C2E68eC42154BA59, 2500000000000000000000, 0, 0, 0, 0, 0, 0, 0, 0, 0, 0, 0, 0, 0, 0, 0, 0
0x54564F2B34A1Ddd3Ec988ec2EFC6BBeE6caC3fa1, 500000000000000000000, 0, 0, 0, 0, 0, 0, 0, 0, 0, 0, 0, 0, 0, 0, 0, 0
0x54fDE131113E6aA4116890A3ff011fFA270f5c0c, 500000000000000000000, 0, 0, 0, 0, 0, 0, 0, 0, 0, 0, 0, 0, 0, 0, 0, 0
0x9C241D885E3a9381eDD0D4d48D072C1e2ED9D420, 505899946043165467625, 0, 0, 0, 0, 0, 0, 0, 0, 0, 0, 0, 0, 0, 0, 0, 0
0xaC843c5CEE64586dD6c836715d9225BBb035fFAf, 0, 0, 0, 0, 0, 0, 0, 0, 0, 0, 0, 0, 0, 0, 0, 0, 0
0x954277875602899b4CA2b9a0FedD50Cfd5006158, 27574637993561173010, 0, 0, 0, 0, 0, 0, 0, 0, 0, 0, 0, 0, 0, 0, 0, 0
0xd594990bAa6B4b31A5eFACA6624c39F0D4193f02, 1000000000000000000000, 0, 0, 0, 0, 0, 0, 0, 0, 0, 0, 0, 0, 0, 0, 0, 0
0xA9dDdFD2C857F7cB2D304f5d4b4A429FE02d2BAC, 500000000000000000000, 0, 0, 0, 0, 0, 0, 0, 0, 0, 0, 0, 0, 0, 0, 0, 0
0xf06c5C172bc86024405a7690d9C3614a94b7EC27, 200000000000000000, 0, 0, 0, 0, 0, 0, 0, 0, 0, 0, 0, 0, 0, 0, 0, 0
0x0C1b8be4DEF961E875455b26AD9fFA9f21ed5adD, 1000000000000000000000, 0, 0, 0, 0, 0, 0, 0, 0, 0, 0, 0, 0, 0, 0, 0, 0
0x9E33BFd95Ec0886b559260482e52623486975966, 200000000000000000, 0, 0, 0, 0, 0, 0, 0, 0, 0, 0, 0, 0, 0, 0, 0, 0
0x1d065DAff9cAea59A3d1F668BB4b0854b2E88067, 500000000000000000000, 0, 0, 0, 0, 0, 0, 0, 0, 0, 0, 0, 0, 0, 0, 0, 0
0x883C6Db77530ac3998bb5Ed0a05f3681695ce9cD, 1000000000000000000000, 0, 0, 0, 0, 0, 0, 0, 0, 0, 0, 0, 0, 0, 0, 0, 0
0x2358a77643712D8a5C8f8Da28e43acB8C8a366D9, 7500000000000000000000, 0, 0, 0, 0, 0, 0, 0, 0, 0, 0, 0, 0, 0, 0, 0, 0
0x3bE4eA1A043821d914E2B813452D128b1e723a58, 1000000000000000000000, 0, 0, 0, 0, 0, 0, 0, 0, 0, 0, 0, 0, 0, 0, 0, 0
0x626ecCd4C4043bb4558fff54E2eBe465d92d292F, 2500000000000000000000, 0, 0, 0, 0, 0, 0, 0, 0, 0, 0, 0, 0, 0, 0, 0, 0
0x7534c88eFE2A5f86cfF5b08F95C22c8522eC15d2, 500000000000000000000, 0, 0, 0, 0, 0, 0, 0, 0, 0, 0, 0, 0, 0, 0, 0, 0
0xa5622a3AD19d76f46F9798F70f7DEB29d574F792, 1000000000000000000000, 0, 0, 0, 0, 0, 0, 0, 0, 0, 0, 0, 0, 0, 0, 0, 0
0x3809D52e5F64eD073101A814c2b795C369d137a9, 7500000000000000000000, 0, 0, 0, 0, 0, 0, 0, 0, 0, 0, 0, 0, 0, 0, 0, 0
0x9b5FBdAC640906bBf0322A7E11F823AD9531E47f, 1011510394736842105263, 0, 0, 0, 0, 0, 0, 0, 0, 0, 0, 0, 0, 0, 0, 0, 0
0xaA2cE81bDBB4b3E6E1B6F84e15A13324838a41B8, 3866383888317004918, 0, 0, 0, 0, 0, 0, 0, 0, 0, 0, 0, 0, 0, 0, 0, 0
0xA8C3c18A0aCCE17838943Ab69638C42e8304bEC4, 500000000000000000000, 0, 0, 0, 0, 0, 0, 0, 0, 0, 0, 0, 0, 0, 0, 0, 0
0x1cF459f8856DD933f9d91c7E1ECeFA79582A0882, 500000000000000000000, 0, 0, 0, 0, 0, 0, 0, 0, 0, 0, 0, 0, 0, 0, 0, 0
0x3719c4C9B1DAA880b46CbB3614F58E412ECC6193, 500000000000000000000, 0, 0, 0, 0, 0, 0, 0, 0, 0, 0, 0, 0, 0, 0, 0, 0
0x305DD394A9574B6Ca9550e7c8018974FbF6736cF, 2500000000000000000000, 0, 0, 0, 0, 0, 0, 0, 0, 0, 0, 0, 0, 0, 0, 0, 0
0xF5aDec46676e4f029d7D9EA36f23eFE6e15E7c5b, 1011510394736842105263, 0, 0, 0, 0, 0, 0, 0, 0, 0, 0, 0, 0, 0, 0, 0, 0
0x37b4D1820453f49F85D84d9A86Ef341B81AeC5a3, 0, 0, 0, 0, 0, 0, 0, 0, 0, 0, 0, 0, 0, 0, 0, 0, 0
0xD9E1497b680DcA24CcC87a0ac9894CF42A505Ff1, 7500000000000000000000, 0, 0, 0, 0, 0, 0, 0, 0, 0, 0, 0, 0, 0, 0, 0, 0
0x5e8B7Dc89EEF6Fdc33F7d7ba94FB63c9D1872B36, 2500000000000000000000, 0, 0, 0, 0, 0, 0, 0, 0, 0, 0, 0, 0, 0, 0, 0, 0
0x06c12D48409b0595C699Aa54d48E4ff28c3174F9, 0, 0, 0, 0, 0, 0, 0, 0, 0, 0, 0, 0, 0, 0, 0, 0, 0
0x173F813A2Ee3d5e82ebBCE78954e7cbBed52D581, 346349165767292563800, 0, 0, 0, 0, 0, 0, 0, 0, 0, 0, 0, 0, 0, 0, 0, 0
0xc24f882947BC11dBcd790971d294189c139B18d0, 0, 0, 0, 0, 0, 0, 0, 0, 0, 0, 0, 0, 0, 0, 0, 0, 0
0xa8d076D2925fbb5895ba23a5Fd184dbA32332A0F, 0, 0, 0, 0, 0, 0, 0, 0, 0, 0, 0, 0, 0, 0, 0, 0, 0
0x0ecB69b6Cf069F28c19aE6eE8DBfD1a643beE8D8, 500000000000000000000, 0, 0, 0, 0, 0, 0, 0, 0, 0, 0, 0, 0, 0, 0, 0, 0
0x15e07f23635D0B33Bf1a44CdA7c25D050F98b216, 505899946043165467625, 0, 0, 0, 0, 0, 0, 0, 0, 0, 0, 0, 0, 0, 0, 0, 0
0x316350B145ec99eEb5C479074aB6ddA53d64E8eb, 0, 0, 0, 0, 0, 0, 0, 0, 0, 0, 0, 0, 0, 0, 0, 0, 0
0xAFA27f7Fa5495C39A29BfB84301f77F72aCcE324, 2500000000000000000000, 0, 0, 0, 0, 0, 0, 0, 0, 0, 0, 0, 0, 0, 0, 0, 0
0x10a26b3B8c8a9C5aE6fcfF43B85DAF4491FC755d, 71462948928247, 0, 0, 0, 0, 0, 0, 0, 0, 0, 0, 0, 0, 0, 0, 0, 0
0x063fF7f65b4978Bb71e660787c7D290Cc19fB896, 2500000000000000000000, 0, 0, 0, 0, 0, 0, 0, 0, 0, 0, 0, 0, 0, 0, 0, 0
0x7FA1Fc52f72789Bbaae241060c89291de0b218e2, 500000000000000000000, 0, 0, 0, 0, 0, 0, 0, 0, 0, 0, 0, 0, 0, 0, 0, 0
0xF857B3972dA7de308bBf498a76381CEf1ECFd6f3, 500000000000000000000, 0, 0, 0, 0, 0, 0, 0, 0, 0, 0, 0, 0, 0, 0, 0, 0
0xBCFa7157CfE906C9bf2649ceF3B060eF6057AB7e, 500000000000000000000, 0, 0, 0, 0, 0, 0, 0, 0, 0, 0, 0, 0, 0, 0, 0, 0
0x3776AE5f1f3aC525FD519416880225b1F38efA21, 1000000000000000000000, 0, 0, 0, 0, 0, 0, 0, 0, 0, 0, 0, 0, 0, 0, 0, 0
0x31F7A6481c1577D854601654BF757D68b50e7ACA, 2500000000000000000000, 0, 0, 0, 0, 0, 0, 0, 0, 0, 0, 0, 0, 0, 0, 0, 0
0x987890E1234a0925b249047BCeDc1D3B3e6dF335, 7500000000000000000000, 0, 0, 0, 0, 0, 0, 0, 0, 0, 0, 0, 0, 0, 0, 0, 0
0xae9f94a361D477Bbbd84A4F515959FB31537B57e, 0, 0, 0, 0, 0, 0, 0, 0, 0, 0, 0, 0, 0, 0, 0, 0, 0
0xfB3FDa0735067430b443617CD2CE6D8E041aEB76, 0, 0, 0, 0, 0, 0, 0, 0, 0, 0, 0, 0, 0, 0, 0, 0, 0
0xB9AF3F54446E8fb1dbAcc31C7A850b3A8623Fa30, 1000000000000000000000, 0, 0, 0, 0, 0, 0, 0, 0, 0, 0, 0, 0, 0, 0, 0, 0
0x417dE953Af166344BF9D2c9AAdFe5C4fD7eDE16F, 500000000000000000000, 0, 0, 0, 0, 0, 0, 0, 0, 0, 0, 0, 0, 0, 0, 0, 0
0x2BC6F5D97704305646A0a8778B410506eF63C57b, 500000000000000000000, 0, 0, 0, 0, 0, 0, 0, 0, 0, 0, 0, 0, 0, 0, 0, 0
0xecaa05F7694b751029C49978B60369592E3c87C6, 1732479887698495205, 0, 0, 0, 0, 0, 0, 0, 0, 0, 0, 0, 0, 0, 0, 0, 0
0xC15b5Df3499Fa9edCbf9c393829Ad102d5Acee6d, 500000000000000000000, 0, 0, 0, 0, 0, 0, 0, 0, 0, 0, 0, 0, 0, 0, 0, 0
0x6cB7520FA503e29aaFC4631cdb439e5b79F6aA2c, 500000000000000000000, 0, 0, 0, 0, 0, 0, 0, 0, 0, 0, 0, 0, 0, 0, 0, 0
0xa4Fd2c1F4249dA6E18Dee264b868459564906a9A, 2605192012360054791821, 0, 0, 0, 0, 0, 0, 0, 0, 0, 0, 0, 0, 0, 0, 0, 0
0x79C34750173c34A8d9DA02D590cc0b16Dd0b092D, 506526313015443048865, 0, 0, 0, 0, 0, 0, 0, 0, 0, 0, 0, 0, 0, 0, 0, 0
0xE23a03C92BCe37d668fB901E544b4d67eED1Fc7d, 92329760526768874472, 0, 0, 0, 0, 0, 0, 0, 0, 0, 0, 0, 0, 0, 0, 0, 0
0xb3Ba6090647624bE52f9cf37037603734a4Fc45F, 1000000000000000000000, 0, 0, 0, 0, 0, 0, 0, 0, 0, 0, 0, 0, 0, 0, 0, 0
0xBA488905848Ddc6723BcE5e493E560661D11C920, 500796284701650444349, 0, 0, 0, 0, 0, 0, 0, 0, 0, 0, 0, 0, 0, 0, 0, 0
0xC1316CCAFE1386EB874b9C93B24F353dDCC22Bc8, 23553, 0, 0, 0, 0, 0, 0, 0, 0, 0, 0, 0, 0, 0, 0, 0, 0
0x232e2330fB9f3E89Cac63AE5365f02dd96A88243, 0, 0, 0, 0, 0, 0, 0, 0, 0, 0, 0, 0, 0, 0, 0, 0, 0
0x24D3F8626c4bC7125406b21E6d744c2fa0Fc52a2, 7500000000000000000000, 0, 0, 0, 0, 0, 0, 0, 0, 0, 0, 0, 0, 0, 0, 0, 0
0x1E26C2Dc46BCb537F56B2CB54F41693E7C0b7B45, 500000000000000000000, 0, 0, 0, 0, 0, 0, 0, 0, 0, 0, 0, 0, 0, 0, 0, 0
0x8B990BfF32631B60FAEEC85f120735Fb45130AB6, 503185970863309352516, 0, 0, 0, 0, 0, 0, 0, 0, 0, 0, 0, 0, 0, 0, 0, 0
0x8CC5ddD2F4A12108197411aFD8a4eC0328055E56, 500000000000000000000, 0, 0, 0, 0, 0, 0, 0, 0, 0, 0, 0, 0, 0, 0, 0, 0
0x81425eE52B7c2b6E8c48ed5B86607836FEb5DB23, 1000000000000000000000, 0, 0, 0, 0, 0, 0, 0, 0, 0, 0, 0, 0, 0, 0, 0, 0
0xF82f6414725cD12e3830C72e76776EAec683B5Da, 500000000000000000000, 0, 0, 0, 0, 0, 0, 0, 0, 0, 0, 0, 0, 0, 0, 0, 0
0x8DBcc15CD9C5EBcC37e36c4350CB151dad73CF8B, 1016466266371578702478, 0, 0, 0, 0, 0, 0, 0, 0, 0, 0, 0, 0, 0, 0, 0, 0
0x95323566dE738d8dDfA718CA0707b9c2B3aAEf3e, 7500000000000000000000, 0, 0, 0, 0, 0, 0, 0, 0, 0, 0, 0, 0, 0, 0, 0, 0
0x9Bed7Fbaf9f27818617F294C9c935D4C2BAffE49, 2500000000000000000000, 0, 0, 0, 0, 0, 0, 0, 0, 0, 0, 0, 0, 0, 0, 0, 0
0x050e31393e5a4cFfA70E465127E3001Bceaf0Ae9, 2500000000000000000000, 0, 0, 0, 0, 0, 0, 0, 0, 0, 0, 0, 0, 0, 0, 0, 0
0x502c6FeD746a46B6724F97234AAB09D4B87258d3, 0, 0, 0, 0, 0, 0, 0, 0, 0, 0, 0, 0, 0, 0, 0, 0, 0
0x76f71D3195BF190973E9fE021D95b81B2a6DE8B8, 88367777214362776024, 0, 0, 0, 0, 0, 0, 0, 0, 0, 0, 0, 0, 0, 0, 0, 0
0xa7a622654d41BeFe97eAd18a1d0df691D938ac6d, 7500000000000000000000, 0, 0, 0, 0, 0, 0, 0, 0, 0, 0, 0, 0, 0, 0, 0, 0
0xc5a60f5DB1F1EbAc453936a2D8A66420c254001A, 7500000000000000000000, 0, 0, 0, 0, 0, 0, 0, 0, 0, 0, 0, 0, 0, 0, 0, 0
0x6699afd66AedE71106071831539f35CA000524D7, 500000000000000000000, 0, 0, 0, 0, 0, 0, 0, 0, 0, 0, 0, 0, 0, 0, 0, 0
0x3815517B5230516911D2dA0Eb620C69DD4567916, 0, 0, 0, 0, 0, 0, 0, 0, 0, 0, 0, 0, 0, 0, 0, 0, 0
0x5ea6aFef56Cc831b74D5AbE817C0874d87050FdA, 1000000000000000000000, 0, 0, 0, 0, 0, 0, 0, 0, 0, 0, 0, 0, 0, 0, 0, 0
0x5307F9A6A12fA5294c85B8249f5800dE600ac824, 500000000000000000000, 0, 0, 0, 0, 0, 0, 0, 0, 0, 0, 0, 0, 0, 0, 0, 0
0x8EcF655476Ac9CE10EfaBe05a05DB8eC8F92db54, 1000000000000000000000, 0, 0, 0, 0, 0, 0, 0, 0, 0, 0, 0, 0, 0, 0, 0, 0
0x10b48e207E42951c32a15963757cc29F556c744f, 2500000000000000000000, 0, 0, 0, 0, 0, 0, 0, 0, 0, 0, 0, 0, 0, 0, 0, 0
0x8d21E60ae51e13114ffb578222E2C6C7e2D0E453, 1011510394736842105263, 0, 0, 0, 0, 0, 0, 0, 0, 0, 0, 0, 0, 0, 0, 0, 0
0x38A05A7aeDa7e87F4095a867601b12A6E61Ec377, 1438788427991876398, 0, 0, 0, 0, 0, 0, 0, 0, 0, 0, 0, 0, 0, 0, 0, 0
0x109cDab4A06c152b4F6eE8C6a6eDAE893B4aF86D, 0, 0, 0, 0, 0, 0, 0, 0, 0, 0, 0, 0, 0, 0, 0, 0, 0
0xcc78256B7cE14897E6cE66acdb79756E911e3eDd, 192796650374015257, 0, 0, 0, 0, 0, 0, 0, 0, 0, 0, 0, 0, 0, 1328256735069000, 0, 0
0xc3Da8e6E9224B52aA94d8E85998ed9F236424590, 500000000000000000000, 0, 0, 0, 0, 0, 0, 0, 0, 0, 0, 0, 0, 0, 0, 0, 0
0xfd386E4138379CFa8D7880cb1171Aa42720831e2, 33046606277436864055, 0, 0, 0, 0, 0, 0, 0, 0, 0, 0, 0, 0, 0, 0, 0, 0
0xD9f8F11369B216CE0011bc38737A4983b34db57F, 1000000000000000000000, 0, 0, 0, 0, 0, 0, 0, 0, 0, 0, 0, 0, 0, 0, 0, 0
0x63D4f6892Ba2b67b5D112955B1853cdB192358E7, 500000000000000000000, 0, 0, 0, 0, 0, 0, 0, 0, 0, 0, 0, 0, 0, 0, 0, 0
0x5b4E39705da5A37e8c446346Ae38eB3dD46Fab73, 1000000000000000000000, 0, 0, 0, 0, 0, 0, 0, 0, 0, 0, 0, 0, 0, 0, 0, 0
0xAD7bc3b5673352Da671D9bA9a4A65CE94E1c0D7d, 2500000000000000000000, 0, 0, 0, 0, 0, 0, 0, 0, 0, 0, 0, 0, 0, 0, 0, 0
0xce963072E9497ddE743e43b41eE0F7A2414b8e48, 1000000000000000000000, 0, 0, 0, 0, 0, 0, 0, 0, 0, 0, 0, 0, 0, 0, 0, 0
0x318098a8339BF8e669eaD6c32c287d1C898EA870, 502888061362674566228, 0, 0, 0, 0, 0, 0, 0, 0, 0, 0, 0, 0, 0, 0, 0, 0
0x0b7f03b5AF849579721639a987fa699af582A75A, 1000000000000000000000, 0, 0, 0, 0, 0, 0, 0, 0, 0, 0, 0, 0, 0, 0, 0, 0
0x1e9a8f7cb784b460ed078d01F571AbbAB7ecEE73, 1035990500941748310167, 0, 0, 0, 0, 0, 0, 0, 0, 0, 0, 0, 0, 0, 0, 0, 0
0xe1D2186110A804E8E428068E237f29fc5D4a0e07, 1000000000000000000000, 0, 0, 0, 0, 0, 0, 0, 0, 0, 0, 0, 0, 0, 0, 0, 0
0xD8CE48E85a5BE1b29E5429020533bDD49E36De6E, 74143272347667896635, 0, 0, 0, 0, 0, 0, 0, 0, 0, 0, 0, 0, 0, 0, 0, 0
0xf6AFC4721ea72079013ADa4c72F5e77eC21F3D56, 0, 0, 0, 0, 0, 0, 0, 0, 0, 0, 0, 0, 0, 0, 0, 0, 0
0xE99e945248028d4745BA66b77D846557177431c3, 504009134388510663174, 0, 0, 0, 0, 0, 0, 0, 0, 0, 0, 0, 0, 0, 0, 0, 0
0x82F8180D26609F583e85E6662C6C3F3D86f18472, 500000000000000000000, 0, 0, 0, 0, 0, 0, 0, 0, 0, 0, 0, 0, 0, 0, 0, 0
0x7E42bC62bdAa12182Fc59c92D1aFb23bAe816009, 42228888607181388008, 0, 0, 0, 0, 0, 0, 0, 0, 0, 0, 0, 0, 0, 1039229953435967, 0, 0
0xF68F5F154cb5018495b907e66c5227aC69621B0e, 500000000000000000000, 0, 0, 0, 0, 0, 0, 0, 0, 0, 0, 0, 0, 0, 0, 0, 0
0xcCD0eE5750e9026323bd21d8b3daea4B4B932585, 500000000000000000000, 0, 0, 0, 0, 0, 0, 0, 0, 0, 0, 0, 0, 0, 0, 0, 0
0x84AE0a6E25513ebcD9e8ea8c27ed05176FC7810a, 1011510394736842105263, 0, 0, 0, 0, 0, 0, 0, 0, 0, 0, 0, 0, 0, 0, 0, 0
0x9D86EDd10a419E7E065464e5A453A61A8363d038, 0, 0, 0, 0, 0, 0, 0, 0, 0, 0, 0, 0, 0, 0, 0, 0, 0
0x93352dFac459E97CfD06f2A0486Ebb34ffa2B7c2, 500000000000000000000, 0, 0, 0, 0, 0, 0, 0, 0, 0, 0, 0, 0, 0, 0, 0, 0
0x669C6043055A4D3A35E81bc282D566C19f3C6DC5, 1040938906738849759442, 0, 0, 0, 0, 0, 0, 0, 0, 0, 0, 0, 0, 0, 0, 0, 0
0x6CCd440fF1752b54d23bD1be22F4573eFa4709D0, 7500000000000000000000, 0, 0, 0, 0, 0, 0, 0, 0, 0, 0, 0, 0, 0, 0, 0, 0
0x8a33dE4E4c5bD7258E12e21Ef34b949e86ddcD54, 42248525098791601642, 0, 0, 0, 0, 0, 0, 0, 0, 0, 0, 0, 0, 0, 0, 0, 0
0xB13E8329fe7BC841641272F3f612BD860242D812, 2500000000000000000000, 0, 0, 0, 0, 0, 0, 0, 0, 0, 0, 0, 0, 0, 0, 0, 0
0xC45D44192878D5D08Ef47A1b0f4fd9b6d2048E3A, 429000000000000000000, 0, 0, 0, 0, 0, 0, 0, 0, 0, 0, 0, 0, 0, 0, 0, 0
0x989F60FAd4dFE21a795EAE2826130D7e4CE1C8E6, 500000000000000000000, 0, 0, 0, 0, 0, 0, 0, 0, 0, 0, 0, 0, 0, 0, 0, 0
0xfb3195205A1fB8Bf09e968286027EbABf6E9C908, 500000000000000000000, 0, 0, 0, 0, 0, 0, 0, 0, 0, 0, 0, 0, 0, 0, 0, 0
0x1A196b282aFe49c466bfadaa353f48CA18eb9a1D, 27574637993561173059, 0, 0, 0, 0, 0, 0, 0, 0, 0, 0, 0, 0, 0, 0, 0, 0
0x575920b9589fd145fA09B20FB8B76c5de3a9250F, 2500000000000000000000, 0, 0, 0, 0, 0, 0, 0, 0, 0, 0, 0, 0, 0, 0, 0, 0
0x2D43eF6E0dA11580051b736a497D4f01A23D0fbd, 500000000000000000000, 0, 0, 0, 0, 0, 0, 0, 0, 0, 0, 0, 0, 0, 0, 0, 0
0x3CE6A29cbAfC14F55E338471DfC6EC4058D9e57F, 53000000000000000000, 0, 0, 0, 0, 0, 0, 0, 0, 0, 0, 0, 0, 0, 0, 0, 0
0x93793F0d49ea922B06ee10286774A4929c666dbe, 1000000000000000000000, 0, 0, 0, 0, 0, 0, 0, 0, 0, 0, 0, 0, 0, 0, 0, 0
0x72c6286896c82ECDe97eF0B4083F96D6bDDA3772, 8675186844680131432, 0, 0, 0, 0, 0, 0, 0, 0, 0, 0, 0, 0, 0, 0, 0, 0
0x1fDf7F6e355cb7d40c45290159D202c16345672B, 1000000000000000000000, 0, 0, 0, 0, 0, 0, 0, 0, 0, 0, 0, 0, 0, 0, 0, 0
0x0bbF3febf2E4986Ea303162d42873c69bb235c65, 2500000000000000000000, 0, 0, 0, 0, 0, 0, 0, 0, 0, 0, 0, 0, 0, 0, 0, 0
0xA7BB3b5943206F53F020ff338584B73D14c49D1C, 0, 0, 0, 0, 0, 0, 0, 0, 0, 0, 0, 0, 0, 0, 0, 0, 0
0x2c8862Bd532faB93EAC7974a58d2F456031D1Ad9, 1000000000000000000000, 0, 0, 0, 0, 0, 0, 0, 0, 0, 0, 0, 0, 0, 0, 0, 0
0xC598313e316B02Cf49332266E4bc744a7Ea1148D, 1000000000000000000000, 0, 0, 0, 0, 0, 0, 0, 0, 0, 0, 0, 0, 0, 0, 0, 0
0x40b7A180730090e1EFC81f9759763C3265296439, 12907000000000000000, 0, 0, 0, 0, 0, 0, 0, 0, 0, 0, 0, 0, 0, 0, 0, 0
0xE9c0A794fF9118C4886b877De72C89Ed88753822, 1000000000000000000000, 0, 0, 0, 0, 0, 0, 0, 0, 0, 0, 0, 0, 0, 0, 0, 0
0xA27B4c7cBFf67DfD5CA9f01DFbA0fFeF7c460974, 1014775045774056352999, 0, 0, 0, 0, 0, 0, 0, 0, 0, 0, 0, 0, 0, 0, 0, 0
0x0dF4BE070E70106da96D46e042BEC3DE317b5Bc9, 500000000000000000000, 0, 0, 0, 0, 0, 0, 0, 0, 0, 0, 0, 0, 0, 0, 0, 0
0x137d9b77dBaC39E559b79d187db4B59099b7797c, 1000000000000000000000, 0, 0, 0, 0, 0, 0, 0, 0, 0, 0, 0, 0, 0, 0, 0, 0
0xA8dc2c8C65c64495c7e7B12b1710CB98D6312aba, 500000000000000000000, 0, 0, 0, 0, 0, 0, 0, 0, 0, 0, 0, 0, 0, 0, 0, 0
0x27F2876cBA5D4304aac30bB2aa4A24934ABfd73d, 248449781763573149547, 0, 0, 0, 0, 0, 0, 0, 0, 0, 0, 0, 0, 0, 0, 0, 0
0xcFB276c128aBE15033c63C3410a0DDbd4FB57876, 0, 0, 0, 0, 0, 0, 0, 0, 0, 0, 0, 0, 0, 0, 0, 0, 0
0x8D9c9760995fAa3889d8773C58a5239A401e8C5C, 7500000000000000000000, 0, 0, 0, 0, 0, 0, 0, 0, 0, 0, 0, 0, 0, 0, 0, 0
0xf79A2c6Db6c1359dEa4b1EE3d33835D4bBfef6ED, 2500000000000000000000, 0, 0, 0, 0, 0, 0, 0, 0, 0, 0, 0, 0, 0, 0, 0, 0
0x56d300440B393932E02da4733dE64F932bFC91D5, 1000000000000000000000, 0, 0, 0, 0, 0, 0, 0, 0, 0, 0, 0, 0, 0, 0, 0, 0
0x4b53718406089c7DFf79845A8d6B41eBC361c5b6, 1011510394736842105263, 0, 0, 0, 0, 0, 0, 0, 0, 0, 0, 0, 0, 0, 0, 0, 0
0xf149dd4598C9c423e28B78cDF587F0307D72832F, 1000000000000000000000, 0, 0, 0, 0, 0, 0, 0, 0, 0, 0, 0, 0, 0, 0, 0, 0
0xC8053434ae6baD6aE45013971D3bf0D942eA1662, 7500000000000000000000, 0, 0, 0, 0, 0, 0, 0, 0, 0, 0, 0, 0, 0, 0, 0, 0
0x081d6e2D6aba1a77991c6F09715E65aE46002bCD, 1021129475918551001902, 0, 0, 0, 0, 0, 0, 0, 0, 0, 0, 0, 0, 0, 0, 0, 0
0x72573c01c56658aD9450FF499Bda98bf3f8B84cE, 510314504866694879389, 0, 0, 0, 0, 0, 0, 0, 0, 0, 0, 0, 0, 0, 0, 0, 0
0x8293a22D631714C457AC1487803518E7F615650C, 0, 0, 0, 0, 0, 0, 0, 0, 0, 0, 0, 0, 0, 0, 0, 0, 0
0x1eFf38e545DeF2f41002C3fb017535337900d738, 2500000000000000000000, 0, 0, 0, 0, 0, 0, 0, 0, 0, 0, 0, 0, 0, 0, 0, 0
0x814D3c6caDeCf728D65775bF76487f07655726Cc, 1000000000000000000000, 0, 0, 0, 0, 0, 0, 0, 0, 0, 0, 0, 0, 0, 0, 0, 0
0x96f7a858F4dC8Cba1A2D1E70C9dE68Aaaa84b068, 2500000000000000000000, 0, 0, 0, 0, 0, 0, 0, 0, 0, 0, 0, 0, 0, 0, 0, 0
0x251090F2661621D59AEdf8E17Ac0FB87255e12e6, 329507015566672, 0, 0, 0, 0, 0, 0, 0, 0, 0, 0, 0, 0, 0, 0, 0, 0
0x3b836FFE8cbcc476f750B1A6A21Cd514879df91b, 94073380662694432971, 0, 0, 0, 0, 0, 0, 0, 0, 0, 0, 0, 0, 0, 0, 0, 0
0x0417018f6a904F06308E97fc6A2ebE393D91c042, 1000000000000000000000, 0, 0, 0, 0, 0, 0, 0, 0, 0, 0, 0, 0, 0, 0, 0, 0
0x67ECD5849059971A5727E78F47a082519d9C0C22, 500000000000000000000, 0, 0, 0, 0, 0, 0, 0, 0, 0, 0, 0, 0, 0, 0, 0, 0
0x2D16D5DAa0D110a248933c50468ae0f82f7d57e4, 2500000000000000000000, 0, 0, 0, 0, 0, 0, 0, 0, 0, 0, 0, 0, 0, 0, 0, 0
0xEF54F3a0Ecd94433064ee3Fe83C0cC59cA09de3B, 1000000000000000000000, 0, 0, 0, 0, 0, 0, 0, 0, 0, 0, 0, 0, 0, 0, 0, 0
0xDc4568B69583fB0c7F94A1baE00b5577B0D87D4C, 1011510394736842105263, 0, 0, 0, 0, 0, 0, 0, 0, 0, 0, 0, 0, 0, 0, 0, 0
0x8d9a9A30925e9018Dfb8F803659aa41dc88E7E40, 1000000000000000000000, 0, 0, 0, 0, 0, 0, 0, 0, 0, 0, 0, 0, 0, 0, 0, 0
0x847232dA3b50707ee4AF12814A15ee97cD1e866B, 505899946043165467625, 0, 0, 0, 0, 0, 0, 0, 0, 0, 0, 0, 0, 0, 0, 0, 0
0x77048cc0Fadc6a898c3EC07C00aB50f4300C62E1, 500000000000000000000, 0, 0, 0, 0, 0, 0, 0, 0, 0, 0, 0, 0, 0, 0, 0, 0
0xE48669D0aA66fA6840412c1C0d555dDe932cc2Ff, 500000000000000000000, 0, 0, 0, 0, 0, 0, 0, 0, 0, 0, 0, 0, 0, 0, 0, 0
0x953fa493F7A0c1CBc0B8c52234fb5a683830a856, 16133000000000000000, 0, 0, 0, 0, 0, 0, 0, 0, 0, 0, 0, 0, 0, 0, 0, 0
0xE98b47DC69624Cb28D3B402e6E8cB70639EA9F3B, 1000000000000000000000, 0, 0, 0, 0, 0, 0, 0, 0, 0, 0, 0, 0, 0, 0, 0, 0
0x1f705cEf34EDd47A3DD21f6cAdD4cC52116B6B83, 7500000000000000000000, 0, 0, 0, 0, 0, 0, 0, 0, 0, 0, 0, 0, 0, 0, 0, 0
0x9837cdef2a101113cFB3859C1331F2e99ADb20f5, 500000000000000000000, 0, 0, 0, 0, 0, 0, 0, 0, 0, 0, 0, 0, 0, 0, 0, 0
0x5015898794bb6d870628A9E4cdB19ABeA1C0898e, 1011510394736842105263, 0, 0, 0, 0, 0, 0, 0, 0, 0, 0, 0, 0, 0, 0, 0, 0
0x73Caa4F78359566b1872FB9ddC1dFA290105dab2, 7500000000000000000000, 0, 0, 0, 0, 0, 0, 0, 0, 0, 0, 0, 0, 0, 0, 0, 0
0x6CA4f0939e1EA4829efB6B6370E069d54d9ad67B, 1000000000000000000000, 0, 0, 0, 0, 0, 0, 0, 0, 0, 0, 0, 0, 0, 0, 0, 0
0xcd6C96e563D0c859d7C4BCc36c8280aEA54E8721, 0, 0, 0, 0, 0, 0, 0, 0, 0, 0, 0, 0, 0, 0, 0, 0, 0
0x3403608edC938168503926fc372d2b8C161A5A6B, 0, 0, 0, 0, 0, 0, 0, 0, 0, 0, 0, 0, 0, 0, 0, 0, 0
0x5250d951dee6870bc48f83ACE14fF17EF9b21414, 1545329532074898400, 0, 0, 0, 0, 0, 0, 0, 0, 0, 0, 0, 0, 0, 0, 0, 0
0xF320De1B26cB950F6c338f2FE650033DCF030fb0, 1000000000000000000000, 0, 0, 0, 0, 0, 0, 0, 0, 0, 0, 0, 0, 0, 0, 0, 0
0x62fEF528c045a8373E6918737d6031ef0f0e9e89, 501650320778671180700, 0, 0, 0, 0, 0, 0, 0, 0, 0, 0, 0, 0, 0, 0, 0, 0
0x6b3C6BF4E546DFB50a65BFFf5c3DFB577AF60861, 0, 0, 0, 0, 0, 0, 0, 0, 0, 0, 0, 0, 0, 0, 0, 0, 0
0xEF545d5deaF7459D6382b5B62649c6b32E946581, 0, 0, 0, 0, 0, 0, 0, 0, 0, 0, 0, 0, 0, 0, 0, 0, 0
0xd34CBAA5C396c10fc2E23cfd76a376789f7e1361, 2500000000000000000000, 0, 0, 0, 0, 0, 0, 0, 0, 0, 0, 0, 0, 0, 0, 0, 0
0x2d1dD556433FeD5F91Fd9532D157159B8854d888, 2500000000000000000000, 0, 0, 0, 0, 0, 0, 0, 0, 0, 0, 0, 0, 0, 0, 0, 0
0xc89065e6FFfce7766Bda032387Ca0fb44183d3e6, 0, 0, 0, 0, 0, 0, 0, 0, 0, 0, 0, 0, 0, 0, 0, 0, 0
0x1666560EDb93bEfC3ad7b6DeDC61B5538f6A4d68, 1011510394736842105263, 0, 0, 0, 0, 0, 0, 0, 0, 0, 0, 0, 0, 0, 0, 0, 0
0x737Cd444A960B411D47a6cFdEE5a01bf643c2A42, 1000000000000000000000, 0, 0, 0, 0, 0, 0, 0, 0, 0, 0, 0, 0, 0, 0, 0, 0
0xa3cC1EE483C2F2557ec1AA8fa8F92C2c33d67eA1, 2500000000000000000000, 0, 0, 0, 0, 0, 0, 0, 0, 0, 0, 0, 0, 0, 0, 0, 0
0x1Df3c546d2D3d8f385Ca0A2A73852Dd0EDD0985A, 500000000000000000000, 0, 0, 0, 0, 0, 0, 0, 0, 0, 0, 0, 0, 0, 0, 0, 0
0x43af45ad1A6E2398Df6a01b9D91973821Db81062, 500000000000000000000, 0, 0, 0, 0, 0, 0, 0, 0, 0, 0, 0, 0, 0, 0, 0, 0
0x7bC1Da2c2572a4cfe0fd040dEfa25687E0198b8B, 500000000000000000000, 0, 0, 0, 0, 0, 0, 0, 0, 0, 0, 0, 0, 0, 0, 0, 0
0x4a2132feb646fD140eF9dAFa7DCc79aEd2313832, 500000000000000000000, 0, 0, 0, 0, 0, 0, 0, 0, 0, 0, 0, 0, 0, 0, 0, 0
0x71E4AD38c5B05a276204013A485ff0a36F5533Dd, 2500000000000000000000, 0, 0, 0, 0, 0, 0, 0, 0, 0, 0, 0, 0, 0, 0, 0, 0
0x185a24580A37Bb226E8EB167ef4143326ea4DEa4, 1000000000000000000000, 0, 0, 0, 0, 0, 0, 0, 0, 0, 0, 0, 0, 0, 0, 0, 0
0x1114E05Bd0fc613906410F6ca651a168aC2C5A95, 1000000000000000000000, 0, 0, 0, 0, 0, 0, 0, 0, 0, 0, 0, 0, 0, 0, 0, 0
0xd01Dc20E7CcFDA78f01E836Bb9eAc370E5A88a4D, 1000000000000000000000, 0, 0, 0, 0, 0, 0, 0, 0, 0, 0, 0, 0, 0, 0, 0, 0
0x194D7AE737F99aa3621aA56f08D96F88fe001d23, 1000000000000000000000, 0, 0, 0, 0, 0, 0, 0, 0, 0, 0, 0, 0, 0, 0, 0, 0
0x6aeE5879e87B6003A0cD864a850e85B1A06dc82E, 500000000000000000000, 0, 0, 0, 0, 0, 0, 0, 0, 0, 0, 0, 0, 0, 0, 0, 0
0xED8A70374D22238D2Fcd9c60509D3A5807C85Ae5, 1000000000000000000000, 0, 0, 0, 0, 0, 0, 0, 0, 0, 0, 0, 0, 0, 0, 0, 0
0x3D804C03161583b10Bfb8BdCFa01Bb781684161f, 0, 0, 0, 0, 0, 0, 0, 0, 0, 0, 0, 0, 0, 0, 0, 0, 0
0x9ABE014C0DcCe3DFF6e1BAAf1E4e12db87c4b993, 2500000000000000000000, 0, 0, 0, 0, 0, 0, 0, 0, 0, 0, 0, 0, 0, 0, 0, 0
0x18d0cFE684f1ABD8dcD4c5ea002e5c24bC3559A9, 1000000000000000000000, 0, 0, 0, 0, 0, 0, 0, 0, 0, 0, 0, 0, 0, 0, 0, 0
0x4EDadC43E7a5d1D4bdB85424E5609bF36a0fbC79, 3226000000000000000, 0, 0, 0, 0, 0, 0, 0, 0, 0, 0, 0, 0, 0, 0, 0, 0
0x9520606BA38524cE321875e21772351F4DD6A546, 1000000000000000000000, 0, 0, 0, 0, 0, 0, 0, 0, 0, 0, 0, 0, 0, 0, 0, 0
0xf126391bC6f049CC9252cC7Bd0bdb1EfCC900b1a, 1002532286842105263157, 0, 0, 0, 0, 0, 0, 0, 0, 0, 0, 0, 0, 0, 0, 0, 0
0xE2C2b1D301177613fDc0c7141a5743A6109358B8, 1000000000000000000000, 0, 0, 0, 0, 0, 0, 0, 0, 0, 0, 0, 0, 0, 0, 0, 0
0xe1cc6Bc1005dC3B1fff74F7bC5A5eAd32AA31051, 1000000000000000000000, 0, 0, 0, 0, 0, 0, 0, 0, 0, 0, 0, 0, 0, 0, 0, 0
0x23DC415BA0D342916ab4F66636b92BCddbf2D133, 500000000000000000000, 0, 0, 0, 0, 0, 0, 0, 0, 0, 0, 0, 0, 0, 0, 0, 0
0xaABBB660eb3eE24F9f581A089326F49926903B6D, 500000000000000000000, 0, 0, 0, 0, 0, 0, 0, 0, 0, 0, 0, 0, 0, 0, 0, 0
0x1d97981A36Fbeb76fD59d217A2b9B92b165862eF, 0, 0, 0, 0, 0, 0, 0, 0, 0, 0, 0, 0, 0, 0, 0, 0, 0
0x6D4FC5bfdE8e0786189FAef4ceaD2e1A7C125145, 68511794925474754939, 0, 0, 0, 0, 0, 0, 0, 0, 0, 0, 0, 0, 0, 0, 0, 0
0xb8fC066dd800019801ba1947bd29d3d680AE8151, 1000000000000000000000, 0, 0, 0, 0, 0, 0, 0, 0, 0, 0, 0, 0, 0, 0, 0, 0
0x4185f9b4E76De875F315D892929118959CDaeA75, 1000000000000000000000, 0, 0, 0, 0, 0, 0, 0, 0, 0, 0, 0, 0, 0, 0, 0, 0
0xbAbb8a2eF23498D493353c3aaE0973281985A318, 500000000000000000000, 0, 0, 0, 0, 0, 0, 0, 0, 0, 0, 0, 0, 0, 0, 0, 0
0xC8D24eA52c489bD6D8BA3c705cFB0B889c44C3df, 1000000000000000000000, 0, 0, 0, 0, 0, 0, 0, 0, 0, 0, 0, 0, 0, 0, 0, 0
0x4a4Bf71F390B0038aa85D2143FAB649d7a987193, 0, 0, 0, 0, 0, 0, 0, 0, 0, 0, 0, 0, 0, 0, 0, 0, 0
0xfaC755b570F5C689CB3eCB1DA894383232C63442, 21200000000000000000, 0, 0, 0, 0, 0, 0, 0, 0, 0, 0, 0, 0, 0, 0, 0, 0
0x3c0cb92B556026E16DDC45c9581e3D15bbcd9a90, 77500000000000000000, 0, 0, 0, 0, 0, 0, 0, 0, 0, 0, 0, 0, 0, 0, 0, 0
0xc50859652C574FfB57126fd8C1f8c21701e41926, 0, 0, 0, 0, 0, 0, 0, 0, 0, 0, 0, 0, 0, 0, 0, 0, 0
0x7EbfAbA5ff87a274b9E7BE01BA989e5e9655aE1B, 2500000000000000000000, 0, 0, 0, 0, 0, 0, 0, 0, 0, 0, 0, 0, 0, 0, 0, 0
0x56A244Eb9D5c83B30D351f12D3BC479c5a4Af6A9, 1000000000000000000000, 0, 0, 0, 0, 0, 0, 0, 0, 0, 0, 0, 0, 0, 0, 0, 0
0x66095afc5249bDe0BfD615205E11483115e0aE03, 0, 0, 0, 0, 0, 0, 0, 0, 0, 0, 0, 0, 0, 0, 0, 0, 0
0xd03f0710302bc9389f074284bCa12F27fb021d72, 1000000000000000000000, 0, 0, 0, 0, 0, 0, 0, 0, 0, 0, 0, 0, 0, 0, 0, 0
0xBF36e6062480F7983C5f7fedFd60AeF1d30886d8, 2500000000000000000000, 0, 0, 0, 0, 0, 0, 0, 0, 0, 0, 0, 0, 0, 0, 0, 0
0x49aF9772f0Eea2EEDba8623563D501884cDa8ac9, 500000000000000000000, 0, 0, 0, 0, 0, 0, 0, 0, 0, 0, 0, 0, 0, 0, 0, 0
0xD620e448d57e587f5b2A468e1232dB622Ae3c571, 553693973513848798082, 0, 0, 0, 0, 0, 0, 0, 0, 0, 0, 0, 0, 0, 0, 0, 0
0xB38f74E71439744238519BF3b1E243023c7ffa99, 2380287677000486975, 0, 0, 0, 0, 0, 0, 0, 0, 0, 0, 0, 0, 0, 0, 0, 0
0x094968e3F5d4504E4b680e81e58CeC7053A946b8, 460737826192184118639, 0, 0, 0, 0, 0, 0, 0, 0, 0, 0, 0, 0, 0, 0, 0, 0
0x37f8b8abbE3cb8Cf9C487260CF0AD8dDde03Cc19, 1000000000000000000000, 0, 0, 0, 0, 0, 0, 0, 0, 0, 0, 0, 0, 0, 0, 0, 0
0xF65d2181d8D8F69338237c20903457b011380632, 49077245728398077365, 0, 0, 0, 0, 0, 0, 0, 0, 0, 0, 0, 0, 0, 0, 0, 0
0x78041903CD27F1f11A73c2ff354c3A622DE020e6, 2500000000000000000000, 0, 0, 0, 0, 0, 0, 0, 0, 0, 0, 0, 0, 0, 0, 0, 0
0xC2457806067B14eF532a9addd579488Fc070Ac62, 0, 0, 0, 0, 0, 0, 0, 0, 0, 0, 0, 0, 0, 0, 0, 0, 0
0x427BC4bbc571D9e2f337810165082B60bbd5abb9, 0, 0, 0, 0, 0, 0, 0, 0, 0, 0, 0, 0, 0, 0, 0, 0, 0
0x0F16A70b3A509Ffa6cBc7609b99df049ADaCdD85, 0, 0, 0, 0, 0, 0, 0, 0, 0, 0, 0, 0, 0, 0, 0, 0, 0
0xF5E6c1f9db53EAF06fC550d92D4202E05e480E0F, 1000000000000000000000, 0, 0, 0, 0, 0, 0, 0, 0, 0, 0, 0, 0, 0, 0, 0, 0
0x9704323d5C61098c07F2e6268D46bF15682D7bd2, 500000000000000000000, 0, 0, 0, 0, 0, 0, 0, 0, 0, 0, 0, 0, 0, 0, 0, 0
0xec031971c72E4e77DEf2227b9bf5425a6f4A8cfc, 500000000000000000000, 0, 0, 0, 0, 0, 0, 0, 0, 0, 0, 0, 0, 0, 0, 0, 0
0x9be59a96103DB84D47075d5D718A990F7F3661C2, 500000000000000000000, 0, 0, 0, 0, 0, 0, 0, 0, 0, 0, 0, 0, 0, 0, 0, 0
0xBbA3003E23701BA490c2DB81f83B744eEE5b577f, 500000000000000000000, 0, 0, 0, 0, 0, 0, 0, 0, 0, 0, 0, 0, 0, 0, 0, 0
0x4584477117d44Fbf62d00a4Dc81035d5F9257d33, 500000000000000000000, 0, 0, 0, 0, 0, 0, 0, 0, 0, 0, 0, 0, 0, 0, 0, 0
0xa928a36acF0233D05693bF7c8BD83639A7516745, 2500000000000000000000, 0, 0, 0, 0, 0, 0, 0, 0, 0, 0, 0, 0, 0, 0, 0, 0
0xe899fF6db1517Ca477b1c5eF0c3f4dbF5550987a, 1000000000000000000000, 0, 0, 0, 0, 0, 0, 0, 0, 0, 0, 0, 0, 0, 0, 0, 0
0x61f46A37F35a76dF8DDfcD8Ad533dead04E71587, 1000000000000000000000, 0, 0, 0, 0, 0, 0, 0, 0, 0, 0, 0, 0, 0, 0, 0, 0
0x147c98B73cea6501D2B8250943f944b28553A0B5, 2500000000000000000000, 0, 0, 0, 0, 0, 0, 0, 0, 0, 0, 0, 0, 0, 0, 0, 0
0xd0126157875098b1A076CE0BC9F5523dEa33E685, 500000000000000000000, 0, 0, 0, 0, 0, 0, 0, 0, 0, 0, 0, 0, 0, 0, 0, 0
0x47c4573426c9116c81f4CeaC235B1341a05C46C9, 1000000000000000000000, 0, 0, 0, 0, 0, 0, 0, 0, 0, 0, 0, 0, 0, 0, 0, 0
0xd22004DC16f190115A47707Dc6661f468ACC7DDc, 0, 0, 0, 0, 0, 0, 0, 0, 0, 0, 0, 0, 0, 0, 0, 0, 0
0xFdAb8e113d63f436554398E714c15F590c389F2e, 7500000000000000000000, 0, 0, 0, 0, 0, 0, 0, 0, 0, 0, 0, 0, 0, 0, 0, 0
0xB66BfDD25d6D40dcEF68AC2F3c48A80E5c548e56, 2500000000000000000000, 0, 0, 0, 0, 0, 0, 0, 0, 0, 0, 0, 0, 0, 0, 0, 0
0xE3575eDC10DF3c728C93DbDAbA940805Cd7B7c53, 1000000000000000000000, 0, 0, 0, 0, 0, 0, 0, 0, 0, 0, 0, 0, 0, 0, 0, 0
0x473ED4c3f326E592cf37368063eC1e7C114c717b, 500000000000000000000, 0, 0, 0, 0, 0, 0, 0, 0, 0, 0, 0, 0, 0, 0, 0, 0
0x930c063f9AE082a9444f2B75efbE09E95Aaa8bfe, 1000000000000000000000, 0, 0, 0, 0, 0, 0, 0, 0, 0, 0, 0, 0, 0, 0, 0, 0
0xf0e69683d23f11D9C559909458AB7f3c46acA98b, 0, 0, 0, 0, 0, 0, 0, 0, 0, 0, 0, 0, 0, 0, 0, 0, 0
0x94aC9f8A11679e0746328dDB83A203Ba8eCf6777, 0, 0, 0, 0, 0, 0, 0, 0, 0, 0, 0, 0, 0, 0, 0, 0, 0
0x78AEf65955952f47ac3acD8f7AA90779992e3914, 2340304899744258, 0, 0, 0, 0, 0, 0, 0, 0, 0, 0, 0, 0, 0, 0, 0, 0
0x809821e6B89C478Ced05C57B3C46417B8f519A1B, 2500000000000000000000, 0, 0, 0, 0, 0, 0, 0, 0, 0, 0, 0, 0, 0, 0, 0, 0
0xBB6Dd78764D30b8e4Da170Fad62bb1239dfCe021, 0, 0, 0, 0, 0, 0, 0, 0, 0, 0, 0, 0, 0, 0, 0, 0, 0
0x85e24690573A055AD8B694be2778A3F577fe05B3, 500000000000000000000, 0, 0, 0, 0, 0, 0, 0, 0, 0, 0, 0, 0, 0, 0, 0, 0
0x330B39Cb2a684C2597CC33c894F130Ff0fDaD8d0, 500000000000000000000, 0, 0, 0, 0, 0, 0, 0, 0, 0, 0, 0, 0, 0, 0, 0, 0
0xFe318f3f896b1DCD876c62Af2588a8874Cb0Fb43, 46275389351156085, 0, 0, 0, 0, 0, 0, 0, 0, 0, 0, 0, 0, 0, 0, 0, 0
0x7e7266D906b9F16931F87b41F525dE8a54cAfEb9, 500000000000000000000, 0, 0, 0, 0, 0, 0, 0, 0, 0, 0, 0, 0, 0, 0, 0, 0
0x1DA68Ae97F942AfadF90B101C5E42357820d947D, 1000000000000000000000, 0, 0, 0, 0, 0, 0, 0, 0, 0, 0, 0, 0, 0, 0, 0, 0
0x80E0556099067C5b0a0f916248dA32FcEF3FA6C8, 2500000000000000000000, 0, 0, 0, 0, 0, 0, 0, 0, 0, 0, 0, 0, 0, 0, 0, 0
0xA216e1092b11567c8b18149304eE731eb4D867dC, 1000000000000000000000, 0, 0, 0, 0, 0, 0, 0, 0, 0, 0, 0, 0, 0, 0, 0, 0
0xE03A60681d36863196dD0C20B9Fa966e4796D739, 0, 0, 0, 0, 0, 0, 0, 0, 0, 0, 0, 0, 0, 0, 0, 0, 0
0x1303A8De96235Dc2AE42bCd84961905Aed697163, 1076045877105946812536, 0, 0, 0, 0, 0, 0, 0, 0, 0, 0, 0, 0, 0, 0, 0, 0
0x1f1d1D6A26e134bb2F221956B004476c46465051, 500000000000000000000, 0, 0, 0, 0, 0, 0, 0, 0, 0, 0, 0, 0, 0, 0, 0, 0
0xce9CF60D85e78BaD62120BF0095b91625427C2Ce, 1000000000000000000000, 0, 0, 0, 0, 0, 0, 0, 0, 0, 0, 0, 0, 0, 0, 0, 0
0xbf8361BDb58379FfB71790099a3Df659c312BB6A, 0, 0, 0, 0, 0, 0, 0, 0, 0, 0, 0, 0, 0, 0, 0, 0, 0
0x7859b384747b84d184c8Fb6D5c7C58C312bb83D6, 500000000000000000000, 0, 0, 0, 0, 0, 0, 0, 0, 0, 0, 0, 0, 0, 0, 0, 0
0xF9a3977F21d1948C85906aD5C2AE249790EBC741, 500000000000000000000, 0, 0, 0, 0, 0, 0, 0, 0, 0, 0, 0, 0, 0, 0, 0, 0
0xcd2D51501B57AE367E2922D7551dF4bb7FdFa5bA, 500000000000000000000, 0, 0, 0, 0, 0, 0, 0, 0, 0, 0, 0, 0, 0, 0, 0, 0
0x4a1d9296f1eA02f5b1c1bEd5862c0E9462e8a28d, 7500000000000000000000, 0, 0, 0, 0, 0, 0, 0, 0, 0, 0, 0, 0, 0, 0, 0, 0
0x565B9f7C70e8b39FdC96Defd212256F760427e9f, 9363292979420385258, 0, 0, 0, 0, 0, 0, 0, 0, 0, 0, 0, 0, 0, 0, 0, 0
0xc544dc7cFAF793620FE90bd26Fb8A9045e14a9f9, 505605395193111498508, 0, 0, 0, 0, 0, 0, 0, 0, 0, 0, 0, 0, 0, 0, 0, 0
0x877f81eBc80AC92bb2625A467eAfE96098847cC2, 500000000000000000000, 0, 0, 0, 0, 0, 0, 0, 0, 0, 0, 0, 0, 0, 0, 0, 0
0x622d675A84121757eA36DDF866D186A4C4E45426, 2530128112244897959183, 0, 0, 0, 0, 0, 0, 0, 0, 0, 0, 0, 0, 0, 0, 0, 0
0xD71B47b68DAe40d08FcE4485df291C35C0B7A219, 500000000000000000000, 0, 0, 0, 0, 0, 0, 0, 0, 0, 0, 0, 0, 0, 0, 0, 0
0x5F811D4691346eB2994F2E1c4e106D85fB91B250, 2500000000000000000000, 0, 0, 0, 0, 0, 0, 0, 0, 0, 0, 0, 0, 0, 0, 0, 0
0x76CB1687853aa9847e296961C9038CeD519e8D49, 2500000000000000000000, 0, 0, 0, 0, 0, 0, 0, 0, 0, 0, 0, 0, 0, 0, 0, 0
0x8Cf3AdFD0d34285507B9E2AEd6758F0917F47e1a, 1000000000000000000000, 0, 0, 0, 0, 0, 0, 0, 0, 0, 0, 0, 0, 0, 0, 0, 0
0x251148A240378bbf3D16Ea61632E400e9c9ef06E, 505899946043165467625, 0, 0, 0, 0, 0, 0, 0, 0, 0, 0, 0, 0, 0, 0, 0, 0
0xd98955D44700B5d6890ba747fEd6CE2841D11eb4, 2500000000000000000000, 0, 0, 0, 0, 0, 0, 0, 0, 0, 0, 0, 0, 0, 0, 0, 0
0xE369e363eC10F3b6528A4065bf7a94a147B0d543, 500000000000000000000, 0, 0, 0, 0, 0, 0, 0, 0, 0, 0, 0, 0, 0, 0, 0, 0
0x3395674Be9BcBa0Ea4158bE5752f02067870f293, 500000000000000000000, 0, 0, 0, 0, 0, 0, 0, 0, 0, 0, 0, 0, 0, 0, 0, 0
0xb8D3cdE622f6a839eA8D52975B7bF473453396ad, 29295512641994619863, 0, 0, 0, 0, 0, 0, 0, 0, 0, 0, 0, 0, 0, 0, 0, 0
0x42CbbEB9fa9F6a70725618a6B8c3Cd640F4A2B56, 1020050483625730994151, 0, 0, 0, 0, 0, 0, 0, 0, 0, 0, 0, 0, 0, 0, 0, 0
0x08e388EBC18A200e94c68181BFD72467Ba42bAcf, 2500000000000000000000, 0, 0, 0, 0, 0, 0, 0, 0, 0, 0, 0, 0, 0, 0, 0, 0
0xffa490149046F3B2cF399239705DEf03c0DF9903, 500000000000000000000, 0, 0, 0, 0, 0, 0, 0, 0, 0, 0, 0, 0, 0, 0, 0, 0
0xf69AB612b6F9D4FbA376230126AC48c0edbb9F36, 1000000000000000000000, 0, 0, 0, 0, 0, 0, 0, 0, 0, 0, 0, 0, 0, 0, 0, 0
0x854DB7da33e3f4996f9EdC3e306179742D590ffb, 2500000000000000000000, 0, 0, 0, 0, 0, 0, 0, 0, 0, 0, 0, 0, 0, 0, 0, 0
0x2B4ebCAe5Ae5952190b3257157Cb92F44A6371d5, 0, 0, 0, 0, 0, 0, 0, 0, 0, 0, 0, 0, 0, 0, 0, 0, 0
0x3E932C81d11B19114a0Fe8D0e55a940b824bcE64, 1000000000000000000000, 0, 0, 0, 0, 0, 0, 0, 0, 0, 0, 0, 0, 0, 0, 0, 0
0x2d84319ab2ACB18A087512c274D8bD1D5A80C3C7, 2552419658636650536502, 0, 0, 0, 0, 0, 0, 0, 0, 0, 0, 0, 0, 0, 0, 0, 0
0x31eFe234135b128B249501A050333Cd8De1851Fe, 2422706553375415314, 0, 0, 0, 0, 0, 0, 0, 0, 0, 0, 0, 0, 0, 0, 0, 0
0xcD49F127c7Af5b1B5df915f16C2F8a0a32901dDC, 7500000000000000000000, 0, 0, 0, 0, 0, 0, 0, 0, 0, 0, 0, 0, 0, 0, 0, 0
0x003033566a5b0CC3c8607cd1f6C0FA002BE065A8, 1000000000000000000000, 0, 0, 0, 0, 0, 0, 0, 0, 0, 0, 0, 0, 0, 0, 0, 0
0x116E56c639721b0d5e91a4C5AdB4e2EbB90c4D7E, 7500000000000000000000, 0, 0, 0, 0, 0, 0, 0, 0, 0, 0, 0, 0, 0, 0, 0, 0
0x3fAeB22744704AF6AA5d69778ed0e6F95ce62431, 0, 0, 0, 0, 0, 0, 0, 0, 0, 0, 0, 0, 0, 0, 0, 0, 0
0xBCC49e5918F86EB819Fe1AB2cf9f2C19E4EbA9ff, 500000000000000000000, 0, 0, 0, 0, 0, 0, 0, 0, 0, 0, 0, 0, 0, 0, 0, 0
0x5E3ad2E75788Cb13A971f6fca20f55D33533CEf4, 500000000000000000000, 0, 0, 0, 0, 0, 0, 0, 0, 0, 0, 0, 0, 0, 0, 0, 0
0x97Ba31fAF5853F1a0cFd49EEadA59Ad7D673883D, 500000000000000000000, 0, 0, 0, 0, 0, 0, 0, 0, 0, 0, 0, 0, 0, 0, 0, 0
0x23b6519805108bDE21f7AfAaCf776272D363dF0e, 1000000000000000000000, 0, 0, 0, 0, 0, 0, 0, 0, 0, 0, 0, 0, 0, 0, 0, 0
0x7d2Bf36C5F2017c069621BD49bd455E9eDfA9f5e, 500000000000000000000, 0, 0, 0, 0, 0, 0, 0, 0, 0, 0, 0, 0, 0, 0, 0, 0
0xa3d933b991e611A9CcFcF7f39D1B8DF5c7Ca37cc, 0, 0, 0, 0, 0, 0, 0, 0, 0, 0, 0, 0, 0, 0, 0, 0, 0
0xc66b2fC8E70672d55d32C861080E84Dd376E6571, 0, 0, 0, 0, 0, 0, 0, 0, 0, 0, 0, 0, 0, 0, 0, 0, 0
0x227641497Cd1215A86D8d470CC2Dc0de96245A25, 7500000000000000000000, 0, 0, 0, 0, 0, 0, 0, 0, 0, 0, 0, 0, 0, 0, 0, 0
0x00E590B6a54cF81873d2DFF572060b2cb220986d, 7500000000000000000000, 0, 0, 0, 0, 0, 0, 0, 0, 0, 0, 0, 0, 0, 0, 0, 0
0x80Ad142616e306553CcC0fD75B0A0d373Ab74971, 1000000000000000000000, 0, 0, 0, 0, 0, 0, 0, 0, 0, 0, 0, 0, 0, 0, 0, 0
0xD5c7D9eB5827B55C55b2CeD2ea3Bd13b9458b21a, 1000000000000000000000, 0, 0, 0, 0, 0, 0, 0, 0, 0, 0, 0, 0, 0, 0, 0, 0
0x299f1e4A90BFdF733C583132B703dD13777cFE3f, 1000000000000000000000, 0, 0, 0, 0, 0, 0, 0, 0, 0, 0, 0, 0, 0, 0, 0, 0
0x1079dc864dD378f14f0E02686ceaEe891f8A3A3A, 2500000000000000000000, 0, 0, 0, 0, 0, 0, 0, 0, 0, 0, 0, 0, 0, 0, 0, 0
0x1f743dFc5dbdF3c3794Ed07085c24A621458F686, 500000000000000000000, 0, 0, 0, 0, 0, 0, 0, 0, 0, 0, 0, 0, 0, 0, 0, 0
0x9418F78b0f2873389E1Fa39e5cbeaC3d641919eA, 1000000000000000000000, 0, 0, 0, 0, 0, 0, 0, 0, 0, 0, 0, 0, 0, 0, 0, 0
0x7E3105f28EC91bFB73c6F3C725127579521079f1, 500000000000000000000, 0, 0, 0, 0, 0, 0, 0, 0, 0, 0, 0, 0, 0, 0, 0, 0
0x4fFAdeD0e5D29925560329020E43bc12Eb7b7E09, 500000000000000000000, 0, 0, 0, 0, 0, 0, 0, 0, 0, 0, 0, 0, 0, 0, 0, 0
0x729B225A3cfF426655731442B2Ae8b2954fC0FcB, 0, 0, 0, 0, 0, 0, 0, 0, 0, 0, 0, 0, 0, 0, 0, 0, 0
0x3040c039B03bEbBcEC8D2a5965A2A0F4Fd0dfA13, 500000000000000000000, 0, 0, 0, 0, 0, 0, 0, 0, 0, 0, 0, 0, 0, 0, 0, 0
0xB4bdce55Ce08ad23715F160e9Fed5f99275A9045, 0, 0, 0, 0, 0, 0, 0, 0, 0, 0, 0, 0, 0, 0, 0, 0, 0
0xeD77a175A528faFeBf1786c8e010266aBeA2Ca40, 500000000000000000000, 0, 0, 0, 0, 0, 0, 0, 0, 0, 0, 0, 0, 0, 0, 0, 0
0x47C99B5f6BE4302E8ed730Ee46D23aFA1f3D1E59, 1002877598684210526315, 0, 0, 0, 0, 0, 0, 0, 0, 0, 0, 0, 0, 0, 0, 0, 0
0x133a9188d2AEE9a9BC44F759c32E4B1DE26B4dCf, 7500000000000000000000, 0, 0, 0, 0, 0, 0, 0, 0, 0, 0, 0, 0, 0, 0, 0, 0
0x8AF157d719FAa13aC2C296Eb76e99E60DD81EC9B, 500000000000000000000, 0, 0, 0, 0, 0, 0, 0, 0, 0, 0, 0, 0, 0, 0, 0, 0
0xd10544F99Afc7F9540aBdA751128120CaEaB4f0e, 0, 0, 0, 0, 0, 0, 0, 0, 0, 0, 0, 0, 0, 0, 0, 0, 0
0x5E25e56e4C4be763252E57ff983F6dA242253332, 1000000000000000000000, 0, 0, 0, 0, 0, 0, 0, 0, 0, 0, 0, 0, 0, 0, 0, 0
0x5CAFb4226c03620682Ad207D695801792308186d, 503300641557342361404, 0, 0, 0, 0, 0, 0, 0, 0, 0, 0, 0, 0, 0, 0, 0, 0
0x764a2D04a8fCE5e205A2692672563b8ee87AAc96, 100000000000000000000, 0, 0, 0, 0, 0, 0, 0, 0, 0, 0, 0, 0, 0, 0, 0, 0
0x16fB64E2E378472127244402c78A46e8B6396b6E, 500000000000000000000, 0, 0, 0, 0, 0, 0, 0, 0, 0, 0, 0, 0, 0, 0, 0, 0
0xBbd6cd57f4923020364366f52f898A8db890FC57, 500000000000000000000, 0, 0, 0, 0, 0, 0, 0, 0, 0, 0, 0, 0, 0, 0, 0, 0
0xf430156a0723E64b108058c6624749D6fb0f3526, 12907000000000000000, 0, 0, 0, 0, 0, 0, 0, 0, 0, 0, 0, 0, 0, 0, 0, 0
0x2a11a55024Cce93cdeD8FaF6692B754b4aCDC4fa, 500000000000000000000, 0, 0, 0, 0, 0, 0, 0, 0, 0, 0, 0, 0, 0, 0, 0, 0
0xFdc1D7A5bc1cEc415aFC25bA6aF5AF26EbB777E7, 2500000000000000000000, 0, 0, 0, 0, 0, 0, 0, 0, 0, 0, 0, 0, 0, 0, 0, 0
0x50F27fadC93301d0e5429cB40445aCB8af4F843f, 1000000000000000000000, 0, 0, 0, 0, 0, 0, 0, 0, 0, 0, 0, 0, 0, 0, 0, 0
0x06691e2176bbfdad2972a570d1458892d6Fb9094, 1000000000000000000000, 0, 0, 0, 0, 0, 0, 0, 0, 0, 0, 0, 0, 0, 0, 0, 0
0x33720aB76e203DdC145890a135ddc7b101587179, 500000000000000000000, 0, 0, 0, 0, 0, 0, 0, 0, 0, 0, 0, 0, 0, 0, 0, 0
0xb32C521b46Be244D964871ccC58Ba2d429fb6E48, 2500000000000000000000, 0, 0, 0, 0, 0, 0, 0, 0, 0, 0, 0, 0, 0, 0, 0, 0
0xdD8804E13AB416a970673f0b9A858a9D3e0C4E8d, 7500000000000000000000, 0, 0, 0, 0, 0, 0, 0, 0, 0, 0, 0, 0, 0, 0, 0, 0
0xD674dD3CDF07139fFDa85b8589F0e2ca600F996E, 11477500000000000000000, 0, 0, 0, 0, 0, 0, 0, 0, 0, 0, 0, 0, 0, 0, 0, 0
0x0af513BF9788CECE1Ba82Cb28BF8860af316274b, 0, 0, 0, 0, 0, 0, 0, 0, 0, 0, 0, 0, 0, 0, 0, 0, 0
0x0D2B5178bA4b457B5A71578b544bAcC16DaAfD94, 1000000000000000000000, 0, 0, 0, 0, 0, 0, 0, 0, 0, 0, 0, 0, 0, 0, 0, 0
0xa32dE5b0828afb7dc0B7a2052616089595737A97, 1000000000000000000000, 0, 0, 0, 0, 0, 0, 0, 0, 0, 0, 0, 0, 0, 0, 0, 0
0xD7cc82b4abC82De02d0c1429fE8C488FC68Ee6d3, 503553217726073521259, 0, 0, 0, 0, 0, 0, 0, 0, 0, 0, 0, 0, 0, 0, 0, 0
0xe8db518F774A0d632375e5D466433fb638E39aEA, 2500000000000000000000, 0, 0, 0, 0, 0, 0, 0, 0, 0, 0, 0, 0, 0, 0, 0, 0
0x4CA495aEA68149bB987d2E0af7B61c0363E89c7B, 1000000000000000000000, 0, 0, 0, 0, 0, 0, 0, 0, 0, 0, 0, 0, 0, 0, 0, 0
0x2a12D58d144ceb9cc7a29aFADA4ae1AF71eE8CCB, 500000000000000000000, 0, 0, 0, 0, 0, 0, 0, 0, 0, 0, 0, 0, 0, 0, 0, 0
0xA29D7A12dDDE6582bf37fa7FEAAf0324fc58F086, 2500000000000000000000, 0, 0, 0, 0, 0, 0, 0, 0, 0, 0, 0, 0, 0, 0, 0, 0
0x84eED2ff857e62A7bF820283e4EFc5a53e288862, 18948795962028301648, 0, 0, 0, 0, 0, 0, 0, 0, 0, 0, 0, 0, 0, 0, 0, 0
0x55C26da79546f72a1922734a280F6404AeDAF0B3, 1000000000000000000000, 0, 0, 0, 0, 0, 0, 0, 0, 0, 0, 0, 0, 0, 0, 0, 0
0x94600842c7C08B1300ed9F2Fdba7f3990F06e6d1, 1000000000000000000000, 0, 0, 0, 0, 0, 0, 0, 0, 0, 0, 0, 0, 0, 0, 0, 0
0x5CaAa5D7Bd0d112e8ecdA0Cff1a36A92DD198F02, 7500000000000000000000, 0, 0, 0, 0, 0, 0, 0, 0, 0, 0, 0, 0, 0, 0, 0, 0
0x5120f5618951d24d07551570b85535dFa918DD3b, 1009000394380116959065, 0, 0, 0, 0, 0, 0, 0, 0, 0, 0, 0, 0, 0, 0, 0, 0
0xd83200Cb3f42497dD4c722D99613b30D9E24eCfC, 2500000000000000000000, 0, 0, 0, 0, 0, 0, 0, 0, 0, 0, 0, 0, 0, 0, 0, 0
0x9D0c72812A59B6296f35220b601b62AfA707B399, 500000000000000000000, 0, 0, 0, 0, 0, 0, 0, 0, 0, 0, 0, 0, 0, 0, 0, 0
0x84aF73d54D0013860711FeE1c288d711FF894610, 500000000000000000000, 0, 0, 0, 0, 0, 0, 0, 0, 0, 0, 0, 0, 0, 0, 0, 0
0x3EdE9E1d60C624E935c82c430B269A58a60Ec8a7, 1000000000000000000000, 0, 0, 0, 0, 0, 0, 0, 0, 0, 0, 0, 0, 0, 0, 0, 0
0x1C4Be2004e3E528Ce850EB750844F9b98530d75a, 90823896020707331222, 0, 0, 0, 0, 0, 0, 0, 0, 0, 0, 0, 0, 0, 0, 0, 0
0xbf1DC8925B9b948caDd7DB4f55A43f0cd284C6F2, 0, 0, 0, 0, 0, 0, 0, 0, 0, 0, 0, 0, 0, 0, 0, 0, 0
0x5641CFcF527AA3eBe17Ed12566CE95c4fE67111c, 500000000000000000000, 0, 0, 0, 0, 0, 0, 0, 0, 0, 0, 0, 0, 0, 0, 0, 0
0x27fbc0D8Ed2ed99D161d6904a0e436e0476f9bb6, 2500000000000000000000, 0, 0, 0, 0, 0, 0, 0, 0, 0, 0, 0, 0, 0, 0, 0, 0
0xcFe5843ACb77A18743D89FDEbc2A0265Ddf49A4d, 1000000000000000000000, 0, 0, 0, 0, 0, 0, 0, 0, 0, 0, 0, 0, 0, 0, 0, 0
0x110B9782b38BCAf9D15c49a149b71A9f2f836711, 500000000000000000000, 0, 0, 0, 0, 0, 0, 0, 0, 0, 0, 0, 0, 0, 0, 0, 0
0x8697F391B16Dc418124197a87C9f72bB81C0f10f, 6220893156391761531, 0, 0, 0, 0, 0, 0, 0, 0, 0, 0, 0, 0, 0, 0, 0, 0
0x458B7d6daaE6bB14200F91642a1ae00d1898Cd01, 0, 0, 0, 0, 0, 0, 0, 0, 0, 0, 0, 0, 0, 0, 0, 0, 0
0x038a79051918AC4bBA8C334444409D8fFF69F60e, 253743871630213022441, 0, 0, 0, 0, 0, 0, 0, 0, 0, 0, 0, 0, 0, 0, 0, 0
0xf7a6Fbb7Fc5d35057B761D46D669A2026502afD7, 0, 0, 0, 0, 0, 0, 0, 0, 0, 0, 0, 0, 0, 0, 0, 0, 0
0xa4A415AaC7a81f2569df4Ee275f9De70d04Cb66D, 1000000000000000000000, 0, 0, 0, 0, 0, 0, 0, 0, 0, 0, 0, 0, 0, 0, 0, 0
0xbD33275acE100826bD2604Ed4641230a53e65806, 104202019607667896635, 0, 0, 0, 0, 0, 0, 0, 0, 0, 0, 0, 0, 0, 0, 0, 0
0xb3C066aFDe0856f13B939AAE07D9CbaEdA68bF85, 1918129305793937635, 0, 0, 0, 0, 0, 0, 0, 0, 0, 0, 0, 0, 0, 0, 0, 0
0x35209546Af54B2D74242D9F91d42eC8923925930, 66048461722524311151, 0, 0, 0, 0, 0, 0, 0, 0, 0, 0, 0, 0, 0, 0, 0, 0
0x55B71F3cB405FB382bC57c26a40e19eD114F210a, 500000000000000000000, 0, 0, 0, 0, 0, 0, 0, 0, 0, 0, 0, 0, 0, 0, 0, 0
0x22beb930FF4af6a93e7A445d4a84E8f1742F999d, 500000000000000000000, 0, 0, 0, 0, 0, 0, 0, 0, 0, 0, 0, 0, 0, 0, 0, 0
0x96ad91813c8b14F3a3d002c68a3b5DF14305c042, 2500000000000000000000, 0, 0, 0, 0, 0, 0, 0, 0, 0, 0, 0, 0, 0, 0, 0, 0
0x9A5ea92dBC6E4F18A209CdCb961C66D3c9dB57Cd, 2567554004812849933, 0, 0, 0, 0, 0, 0, 0, 0, 0, 0, 0, 0, 0, 0, 0, 0
0x319c593db22Bcc6fA8600e257b23537Ec9623599, 0, 0, 0, 0, 0, 0, 0, 0, 0, 0, 0, 0, 0, 0, 0, 0, 0
0xd32236c337fE329Df6077b2ab7F4FdDD5b91B47C, 1000000000000000000000, 0, 0, 0, 0, 0, 0, 0, 0, 0, 0, 0, 0, 0, 0, 0, 0
0x1ee2266FD2a86876f4Ede4F4aBD69D9eC931560C, 0, 0, 0, 0, 0, 0, 0, 0, 0, 0, 0, 0, 0, 0, 0, 0, 0
0xDDce4965595CF08872CFE2B9A4f37B80C80c2fd5, 7500000000000000000000, 0, 0, 0, 0, 0, 0, 0, 0, 0, 0, 0, 0, 0, 0, 0, 0
0xD8AA41CAd5Af3272A647de5a54eCa8D65C33583b, 2500000000000000000000, 0, 0, 0, 0, 0, 0, 0, 0, 0, 0, 0, 0, 0, 0, 0, 0
0x379c3418001be8edfB8b5c1f4F8cbEe6d868754a, 500000000000000000000, 0, 0, 0, 0, 0, 0, 0, 0, 0, 0, 0, 0, 0, 0, 0, 0
0x3052E60FC6cE1Dd30CA39968eA2D60f21325Cf43, 1000000000000000000000, 0, 0, 0, 0, 0, 0, 0, 0, 0, 0, 0, 0, 0, 0, 0, 0
0xa7CE90F11B2D084170A17A0DDA0FDca113E5E2fb, 52313, 0, 0, 0, 0, 0, 0, 0, 0, 0, 0, 0, 0, 0, 0, 0, 0
0x7286a4C63Fbd565a51a004fE874c88fA33Cd3c45, 1000000000000000000000, 0, 0, 0, 0, 0, 0, 0, 0, 0, 0, 0, 0, 0, 0, 0, 0
0x29B8417B345f32716675270d99926aC18808911e, 7568778469238544780908, 0, 0, 0, 0, 0, 0, 0, 0, 0, 0, 0, 0, 0, 0, 0, 0
0xaE554775217442bE5B43cf357A87401A76C16906, 1000000000000000000000, 0, 0, 0, 0, 0, 0, 0, 0, 0, 0, 0, 0, 0, 0, 0, 0
0x6e231f6F6bb4F55241ea25C0069AAC75FD779b14, 500000000000000000000, 0, 0, 0, 0, 0, 0, 0, 0, 0, 0, 0, 0, 0, 0, 0, 0
0xAD7823455746C3fEF516974c743712A209A81516, 500000000000000000000, 0, 0, 0, 0, 0, 0, 0, 0, 0, 0, 0, 0, 0, 0, 0, 0
0x51D1ce811579DB00DfF12359F3B959fe619c2b65, 500000000000000000000, 0, 0, 0, 0, 0, 0, 0, 0, 0, 0, 0, 0, 0, 0, 0, 0
0x54fa0496A7dC369dDC35BECB619D02BB73a745b6, 500000000000000000000, 0, 0, 0, 0, 0, 0, 0, 0, 0, 0, 0, 0, 0, 0, 0, 0
0xD3D16faa6CB84b602573fCb7D3A5Baaa75F891f6, 500000000000000000000, 0, 0, 0, 0, 0, 0, 0, 0, 0, 0, 0, 0, 0, 0, 0, 0
0xC4EE4BA3c62d32B46150B7fcfB11A8bE2FC45f45, 1011510394736842105263, 0, 0, 0, 0, 0, 0, 0, 0, 0, 0, 0, 0, 0, 0, 0, 0
0x01095aB787B3d0F20C58C4B3a9986b3763201C8F, 2500000000000000000000, 0, 0, 0, 0, 0, 0, 0, 0, 0, 0, 0, 0, 0, 0, 0, 0
0x9633be96be2fBC1e7e218387963E455C1700CF81, 1000000000000000000000, 0, 0, 0, 0, 0, 0, 0, 0, 0, 0, 0, 0, 0, 0, 0, 0
0x9214bfEa08c54bc25849bF733c021e05611F2818, 1000000000000000000000, 0, 0, 0, 0, 0, 0, 0, 0, 0, 0, 0, 0, 0, 0, 0, 0
0x413dd3347FE0030Fa6990489E3d6B2Fb96D8080b, 500000000000000000000, 0, 0, 0, 0, 0, 0, 0, 0, 0, 0, 0, 0, 0, 0, 0, 0
0x49A82Dea1B5E2B8Fb4CF03a726Fcb8a78689719b, 2500000000000000000000, 0, 0, 0, 0, 0, 0, 0, 0, 0, 0, 0, 0, 0, 0, 0, 0
0x8968BFD781d56f9019561b955ADE53Ea992f3E25, 101647854934616378286, 0, 0, 0, 0, 0, 0, 0, 0, 0, 0, 0, 0, 0, 0, 0, 0
0xa05fA85419796D5F4730Cd83d6a2C7de76ec4A46, 1000000000000000000000, 0, 0, 0, 0, 0, 0, 0, 0, 0, 0, 0, 0, 0, 0, 0, 0
0xb9148CEF85D2889bD8C929A938c63a19635BfA36, 1000000000000000000000, 0, 0, 0, 0, 0, 0, 0, 0, 0, 0, 0, 0, 0, 0, 0, 0
0x545Ef3Ac1e46583285C89430F398184De7758E40, 1000000000000000000000, 0, 0, 0, 0, 0, 0, 0, 0, 0, 0, 0, 0, 0, 0, 0, 0
0xc7018AD301302d5703dA2680F5c6c347FC89581f, 500000000000000000000, 0, 0, 0, 0, 0, 0, 0, 0, 0, 0, 0, 0, 0, 0, 0, 0
0x722928C8977B7300bAE71271fEa345A5D6B05263, 2500000000000000000000, 0, 0, 0, 0, 0, 0, 0, 0, 0, 0, 0, 0, 0, 0, 0, 0
0x881455AAe9f94647D1Ad95c308cd8EEdF60BF650, 3225762021962872600, 0, 0, 0, 0, 0, 0, 0, 0, 0, 0, 0, 0, 0, 0, 0, 0
0x089963Ee3864fa0E3305a94F0A90067590AD655B, 500000000000000000000, 0, 0, 0, 0, 0, 0, 0, 0, 0, 0, 0, 0, 0, 0, 0, 0
0x2f32c9103eF74752419a1bBE5B475eC50797c61b, 0, 0, 0, 0, 0, 0, 0, 0, 0, 0, 0, 0, 0, 0, 0, 0, 0
0xb3dF329a3d4f2A0CE29ce14BaFDCf7e5A779a5cb, 500000000000000000000, 0, 0, 0, 0, 0, 0, 0, 0, 0, 0, 0, 0, 0, 0, 0, 0
0xD4Ee1c3636dc209a39fd2d7B39e5Ea104FF015DE, 1000000000000000000000, 0, 0, 0, 0, 0, 0, 0, 0, 0, 0, 0, 0, 0, 0, 0, 0
0x436ef123a985a6b3E57e7241Cbe160B1aC8f7Eb5, 257963638011559159322, 0, 0, 0, 0, 0, 0, 0, 0, 0, 0, 0, 0, 0, 0, 0, 0
0x65B7644107e0F2F167fb9Afb989fF50e040e39e4, 500000000000000000000, 0, 0, 0, 0, 0, 0, 0, 0, 0, 0, 0, 0, 0, 0, 0, 0
0x407D967F1C09831D9Dd3D9C1Ca31b48c239E2038, 2500000000000000000000, 0, 0, 0, 0, 0, 0, 0, 0, 0, 0, 0, 0, 0, 0, 0, 0
0x87b907ba24860fd178C11Ea7C91759E6753c8433, 500000000000000000000, 0, 0, 0, 0, 0, 0, 0, 0, 0, 0, 0, 0, 0, 0, 0, 0
0x2Ca635027e1070a50A768cA553335a64563FAFe2, 0, 0, 0, 0, 0, 0, 0, 0, 0, 0, 0, 0, 0, 0, 0, 0, 0
0x845f25F34678798e4FC102274eb27c4C418F4407, 500000000000000000000, 0, 0, 0, 0, 0, 0, 0, 0, 0, 0, 0, 0, 0, 0, 0, 0
0xB22DA12baCDda0080Ed03Dc6a5854293cdC6dbAB, 0, 0, 0, 0, 0, 0, 0, 0, 0, 0, 0, 0, 0, 0, 0, 0, 0
0x99D4E2E0aC698d567bce47b801A3BaA7dEe205e0, 460337826192184118639, 0, 0, 0, 0, 0, 0, 0, 0, 0, 0, 0, 0, 0, 0, 0, 0
0x501D0C9481aaC56EB6bb34472c672be63e143f05, 1000000000000000000000, 0, 0, 0, 0, 0, 0, 0, 0, 0, 0, 0, 0, 0, 0, 0, 0
0xc4e861751417eC8eda4F7fEe6764b1AB4c227aEc, 0, 0, 0, 0, 0, 0, 0, 0, 0, 0, 0, 0, 0, 0, 0, 0, 0
0xcb89659e39b7a9D8AA8e3451322C53A31418D677, 0, 0, 0, 0, 0, 0, 0, 0, 0, 0, 0, 0, 0, 0, 0, 0, 0
0xc6018e96f013521ad108167b9f31db65021F55BE, 1000000000000000000000, 0, 0, 0, 0, 0, 0, 0, 0, 0, 0, 0, 0, 0, 0, 0, 0
0x6cc3439F5498aD7e0cC2F0434327bDC068E18826, 505899946043165467625, 0, 0, 0, 0, 0, 0, 0, 0, 0, 0, 0, 0, 0, 0, 0, 0
0x641f4A35b553c52931C583C3DF8c41aA68214612, 500000000000000000000, 0, 0, 0, 0, 0, 0, 0, 0, 0, 0, 0, 0, 0, 0, 0, 0
0x33174D7F9070Ff0b9cD1e873559D6884dDb04860, 3002001387504730934, 0, 0, 0, 0, 0, 0, 0, 0, 0, 0, 0, 0, 0, 0, 0, 0
0x4eC24a4eE6e67096885bf02E825308a54bc5d5c6, 7500000000000000000000, 0, 0, 0, 0, 0, 0, 0, 0, 0, 0, 0, 0, 0, 0, 0, 0
0x844d9FF9972967dB569A4C6e9FA8fca0A19276f0, 1011510394736842105263, 0, 0, 0, 0, 0, 0, 0, 0, 0, 0, 0, 0, 0, 0, 0, 0
0x34c2F43f91299E904313C18B8dfa4BC65D9A524F, 2500000000000000000000, 0, 0, 0, 0, 0, 0, 0, 0, 0, 0, 0, 0, 0, 0, 0, 0
0xd5F0E769d83590faEc3cD38F1e74e3BCF8bf52b3, 500000000000000000000, 0, 0, 0, 0, 0, 0, 0, 0, 0, 0, 0, 0, 0, 0, 0, 0
0xCbCE11b9685CDB42594fe0B28EE1316108939108, 1000000000000000000000, 0, 0, 0, 0, 0, 0, 0, 0, 0, 0, 0, 0, 0, 0, 0, 0
0xC1A480C5b9E13ACA0DEAeE94A635E717E934af90, 7580672418032786885245, 0, 0, 0, 0, 0, 0, 0, 0, 0, 0, 0, 0, 0, 0, 0, 0
0xEd38c32B3dFcdc550Bb83C6Aad6Ff0A3f81501A9, 158500770090897471466, 0, 0, 0, 0, 0, 0, 0, 0, 0, 0, 0, 0, 0, 0, 0, 0
0x5e0867D24c179De30A8F60F384F36679Aea643cC, 0, 0, 0, 0, 0, 0, 0, 0, 0, 0, 0, 0, 0, 0, 0, 0, 0
0x2e11F6765c63E075B5d07e28Cb80f50cdAcd1f44, 500000000000000000000, 0, 0, 0, 0, 0, 0, 0, 0, 0, 0, 0, 0, 0, 0, 0, 0
0x677a39bB869683994CeB586eab66445C9b5A85ED, 2500000000000000000000, 0, 0, 0, 0, 0, 0, 0, 0, 0, 0, 0, 0, 0, 0, 0, 0
0x27A4D6936ef73d0B0D4A83df1D56Da4Ff01f219F, 1000000000000000000000, 0, 0, 0, 0, 0, 0, 0, 0, 0, 0, 0, 0, 0, 0, 0, 0
0x434E25aB13e21C1d8De53ED9B6fff45ACcb60756, 500206290097333897587, 0, 0, 0, 0, 0, 0, 0, 0, 0, 0, 0, 0, 0, 0, 0, 0
875
0:22:22.439533
